eval_id,case_id,stage,task,condition,model,started_at,latency_ms,input_tokens,output_tokens,estimated_cost_usd,gold,prediction,correct,rank_confidence,brier,log_loss
dev-choice-0__en_en,dev-choice-0,0,development_choice,en_en,jev-1.13.0,2026-09-17T01:22:14.680021+00:00,732.6781000010669,368,38,1.5456000000000002e-05,red,red,True,1.0,0.0,-0.0
dev-choice-0__ko_en,dev-choice-0,0,development_choice,ko_en,jev-1.13.0,2026-09-17T01:22:15.415807+00:00,215.5266999907326,372,38,1.5624e-05,red,red,True,1.0,0.0,-0.0
dev-choice-0__ko_ko,dev-choice-0,0,development_choice,ko_ko,jev-1.13.0,2026-09-17T01:22:15.634470+00:00,201.86509998166002,396,38,1.6632000000000003e-05,red,red,True,1.0,0.0,-0.0
dev-choice-1__en_en,dev-choice-1,0,development_choice,en_en,jev-1.13.0,2026-09-17T01:22:15.839082+00:00,498.3621999854222,368,38,1.5456000000000002e-05,blue,blue,True,1.0,0.0,-0.0
dev-choice-1__ko_en,dev-choice-1,0,development_choice,ko_en,jev-1.13.0,2026-09-17T01:22:16.340121+00:00,237.2443999920506,372,38,1.5624e-05,blue,blue,True,1.0,0.0,-0.0
dev-choice-1__ko_ko,dev-choice-1,0,development_choice,ko_ko,jev-1.13.0,2026-09-17T01:22:16.580049+00:00,225.54919999674894,396,38,1.6632000000000003e-05,blue,blue,True,1.0,0.0,-0.0
dev-choice-2__en_en,dev-choice-2,0,development_choice,en_en,jev-1.13.0,2026-09-17T01:22:16.809041+00:00,239.46179999620654,370,38,1.5540000000000004e-05,unknown,unknown,True,1.0,0.0,-0.0
dev-choice-2__ko_en,dev-choice-2,0,development_choice,ko_en,jev-1.13.0,2026-09-17T01:22:17.051645+00:00,235.97680000239052,375,38,1.5750000000000003e-05,unknown,unknown,True,1.0,0.0,-0.0
dev-choice-2__ko_ko,dev-choice-2,0,development_choice,ko_ko,jev-1.13.0,2026-09-17T01:22:17.291011+00:00,210.19859999069013,399,38,1.6758e-05,unknown,unknown,True,1.0,0.0,-0.0
dev-choice-3__en_en,dev-choice-3,0,development_choice,en_en,jev-1.13.0,2026-09-17T01:22:17.504648+00:00,206.71249998849817,368,38,1.5456000000000002e-05,red,red,True,1.0,0.0,-0.0
dev-choice-3__ko_en,dev-choice-3,0,development_choice,ko_en,jev-1.13.0,2026-09-17T01:23:20.569581+00:00,669.111899973359,370,38,1.5540000000000004e-05,red,red,True,1.0,0.0,-0.0
dev-choice-3__ko_ko,dev-choice-3,0,development_choice,ko_ko,jev-1.13.0,2026-09-17T01:23:21.241663+00:00,323.21289999526925,394,38,1.6548e-05,red,red,True,1.0,0.0,-0.0
dev-choice-4__en_en,dev-choice-4,0,development_choice,en_en,jev-1.13.0,2026-09-17T01:23:21.567888+00:00,253.7783000152558,368,38,1.5456000000000002e-05,blue,blue,True,1.0,0.0,-0.0
dev-choice-4__ko_en,dev-choice-4,0,development_choice,ko_en,jev-1.13.0,2026-09-17T01:23:21.824304+00:00,298.773299989989,370,38,1.5540000000000004e-05,blue,blue,True,1.0,0.0,-0.0
dev-choice-4__ko_ko,dev-choice-4,0,development_choice,ko_ko,jev-1.13.0,2026-09-17T01:23:22.125798+00:00,301.9301999884192,394,38,1.6548e-05,blue,blue,True,1.0,0.0,-0.0
dev-choice-5__en_en,dev-choice-5,0,development_choice,en_en,jev-1.13.0,2026-09-17T01:23:22.431245+00:00,230.5804000061471,372,38,1.5624e-05,unknown,unknown,True,1.0,0.0,-0.0
dev-choice-5__ko_en,dev-choice-5,0,development_choice,ko_en,jev-1.13.0,2026-09-17T01:23:22.665804+00:00,218.148400017526,371,38,1.5582e-05,unknown,unknown,True,1.0,0.0,-0.0
dev-choice-5__ko_ko,dev-choice-5,0,development_choice,ko_ko,jev-1.13.0,2026-09-17T01:23:22.888479+00:00,213.43989999149926,395,38,1.6590000000000002e-05,unknown,unknown,True,1.0,0.0,-0.0
dev-noul-0__en_en,dev-noul-0,0,development_noul,en_en,jev-1.13.0,2026-09-17T01:23:23.104724+00:00,380.35730001865886,314,20,1.3188000000000001e-05,1,1,True,0.43000000000000005,0.009799999999999986,0.07257069283483537
dev-noul-0__ko_en,dev-noul-0,0,development_noul,ko_en,jev-1.13.0,2026-09-17T01:23:23.488497+00:00,322.68650000332855,315,20,1.3230000000000002e-05,1,1,True,0.44999999999999996,0.005000000000000009,0.05129329438755058
dev-noul-0__ko_ko,dev-noul-0,0,development_noul,ko_ko,jev-1.13.0,2026-09-17T01:23:23.814910+00:00,241.4872000226751,328,20,1.3776000000000002e-05,1,1,True,0.43999999999999995,0.007200000000000013,0.06187540371808753
dev-noul-1__en_en,dev-noul-1,0,development_noul,en_en,jev-1.13.0,2026-09-17T01:23:24.059871+00:00,223.18859997903928,313,20,1.3146000000000003e-05,0,0,True,0.49,0.0002000000000000002,0.01005033585350145
dev-noul-1__ko_en,dev-noul-1,0,development_noul,ko_en,jev-1.13.0,2026-09-17T01:23:24.286496+00:00,305.8174999896437,316,20,1.3272000000000001e-05,0,0,True,0.49,0.0002000000000000002,0.01005033585350145
dev-noul-1__ko_ko,dev-noul-1,0,development_noul,ko_ko,jev-1.13.0,2026-09-17T01:23:24.596192+00:00,239.92610001005232,329,20,1.3818000000000002e-05,0,0,True,0.48,0.0008000000000000008,0.020202707317519466
dev-noul-2__en_en,dev-noul-2,0,development_noul,en_en,jev-1.13.0,2026-09-17T01:23:24.839694+00:00,211.22299999115057,317,20,1.3314000000000002e-05,0,0,True,0.46,0.003200000000000003,0.040821994520255166
dev-noul-2__ko_en,dev-noul-2,0,development_noul,ko_en,jev-1.13.0,2026-09-17T01:23:25.054402+00:00,255.96770000993274,323,20,1.3566000000000002e-05,0,0,True,0.47,0.0018000000000000017,0.030459207484708574
dev-noul-2__ko_ko,dev-noul-2,0,development_noul,ko_ko,jev-1.13.0,2026-09-17T01:23:25.313512+00:00,219.81320000486448,336,20,1.4112000000000001e-05,0,0,True,0.45,0.0050000000000000044,0.05129329438755058
dev-noul-3__en_en,dev-noul-3,0,development_noul,en_en,jev-1.13.0,2026-09-17T01:23:25.537080+00:00,229.13819999666885,312,20,1.3104000000000002e-05,1,1,True,0.30000000000000004,0.07999999999999996,0.2231435513142097
dev-noul-3__ko_en,dev-noul-3,0,development_noul,ko_en,jev-1.13.0,2026-09-17T01:23:25.769543+00:00,221.70769999502227,315,20,1.3230000000000002e-05,1,1,True,0.37,0.033800000000000004,0.13926206733350766
dev-noul-3__ko_ko,dev-noul-3,0,development_noul,ko_ko,jev-1.13.0,2026-09-17T01:23:25.994607+00:00,247.77200000244193,328,20,1.3776000000000002e-05,1,1,True,0.31999999999999995,0.06480000000000004,0.19845093872383832
dev-noul-4__en_en,dev-noul-4,0,development_noul,en_en,jev-1.13.0,2026-09-17T01:23:26.245774+00:00,268.2071000162978,313,20,1.3146000000000003e-05,0,0,True,0.49,0.0002000000000000002,0.01005033585350145
dev-noul-4__ko_en,dev-noul-4,0,development_noul,ko_en,jev-1.13.0,2026-09-17T01:23:26.516766+00:00,210.9459999774117,319,20,1.3398000000000001e-05,0,0,True,0.49,0.0002000000000000002,0.01005033585350145
dev-noul-4__ko_ko,dev-noul-4,0,development_noul,ko_ko,jev-1.13.0,2026-09-17T01:23:26.730670+00:00,260.97350000054576,332,20,1.3944000000000002e-05,0,0,True,0.48,0.0008000000000000008,0.020202707317519466
dev-noul-5__en_en,dev-noul-5,0,development_noul,en_en,jev-1.13.0,2026-09-17T01:23:26.994648+00:00,219.80429999530315,313,20,1.3146000000000003e-05,1,1,True,0.43999999999999995,0.007200000000000013,0.06187540371808753
dev-noul-5__ko_en,dev-noul-5,0,development_noul,ko_en,jev-1.13.0,2026-09-17T01:23:27.217774+00:00,566.9560999958776,316,20,1.3272000000000001e-05,1,1,True,0.43999999999999995,0.007200000000000013,0.06187540371808753
dev-noul-5__ko_ko,dev-noul-5,0,development_noul,ko_ko,jev-1.13.0,2026-09-17T01:23:27.787456+00:00,288.0799999984447,329,20,1.3818000000000002e-05,1,1,True,0.43000000000000005,0.009799999999999986,0.07257069283483537
belebele-95e147703b0a420e__en_en,belebele-95e147703b0a420e,1,belebele,en_en,jev-1.13.0,2026-09-17T01:23:52.833631+00:00,631.851199985249,490,45,2.0580000000000003e-05,2,2,True,1.0,0.0,-0.0
belebele-95e147703b0a420e__ko_en,belebele-95e147703b0a420e,1,belebele,ko_en,jev-1.13.0,2026-09-17T01:23:53.468619+00:00,358.53149998001754,594,45,2.4948000000000002e-05,2,2,True,1.0,0.0,-0.0
belebele-95e147703b0a420e__ko_ko,belebele-95e147703b0a420e,1,belebele,ko_ko,jev-1.13.0,2026-09-17T01:23:53.829884+00:00,226.31699999328703,613,45,2.5746000000000004e-05,2,2,True,0.99,0.0,-0.0
belebele-8c4db14e52be875e__en_en,belebele-8c4db14e52be875e,1,belebele,en_en,jev-1.13.0,2026-09-17T01:23:54.058963+00:00,224.83459999784827,499,45,2.0958e-05,1,1,True,0.99,0.0002000000000000002,0.01005033585350145
belebele-8c4db14e52be875e__ko_en,belebele-8c4db14e52be875e,1,belebele,ko_en,jev-1.13.0,2026-09-17T01:23:54.286657+00:00,220.51779998582788,580,45,2.4360000000000004e-05,1,1,True,0.74,0.06519999999999998,0.21072103131565253
belebele-8c4db14e52be875e__ko_ko,belebele-8c4db14e52be875e,1,belebele,ko_ko,jev-1.13.0,2026-09-17T01:23:54.509815+00:00,211.8752999813296,599,45,2.5158000000000002e-05,1,1,True,0.59,0.17500000000000004,0.37106368139083207
belebele-fc513f5c1c90c43e__en_en,belebele-fc513f5c1c90c43e,1,belebele,en_en,jev-1.13.0,2026-09-17T01:23:54.725550+00:00,420.46499997377396,465,45,1.953e-05,2,2,True,1.0,0.0,-0.0
belebele-fc513f5c1c90c43e__ko_en,belebele-fc513f5c1c90c43e,1,belebele,ko_en,jev-1.13.0,2026-09-17T01:23:55.149828+00:00,219.87950001494028,567,45,2.3814000000000003e-05,2,2,True,0.99,0.0,-0.0
belebele-fc513f5c1c90c43e__ko_ko,belebele-fc513f5c1c90c43e,1,belebele,ko_ko,jev-1.13.0,2026-09-17T01:23:55.372997+00:00,223.94369999528863,586,45,2.4612000000000004e-05,2,2,True,0.99,0.0,-0.0
belebele-176c3916aa1f6e75__en_en,belebele-176c3916aa1f6e75,1,belebele,en_en,jev-1.13.0,2026-09-17T01:23:55.600491+00:00,193.82120002410375,530,45,2.2260000000000004e-05,3,3,True,1.0,0.0,-0.0
belebele-176c3916aa1f6e75__ko_en,belebele-176c3916aa1f6e75,1,belebele,ko_en,jev-1.13.0,2026-09-17T01:23:55.798397+00:00,214.8213000036776,644,45,2.7048000000000003e-05,3,3,True,0.61,0.15380000000000002,0.35667494393873245
belebele-176c3916aa1f6e75__ko_ko,belebele-176c3916aa1f6e75,1,belebele,ko_ko,jev-1.13.0,2026-09-17T01:23:56.016878+00:00,255.60269999550655,663,45,2.7846000000000004e-05,3,3,True,0.62,0.14300000000000002,0.342490308946776
belebele-e41332056136ccdd__en_en,belebele-e41332056136ccdd,1,belebele,en_en,jev-1.13.0,2026-09-17T01:23:56.275833+00:00,255.18469998496585,455,45,1.911e-05,2,2,True,1.0,0.0,-0.0
belebele-e41332056136ccdd__ko_en,belebele-e41332056136ccdd,1,belebele,ko_en,jev-1.13.0,2026-09-17T01:23:56.534519+00:00,250.36499998532236,505,45,2.1210000000000002e-05,2,2,True,1.0,0.0,-0.0
belebele-e41332056136ccdd__ko_ko,belebele-e41332056136ccdd,1,belebele,ko_ko,jev-1.13.0,2026-09-17T01:23:56.788848+00:00,199.70899997861125,524,45,2.2008000000000003e-05,2,2,True,1.0,0.0,-0.0
belebele-a96cbee62035e1c3__en_en,belebele-a96cbee62035e1c3,1,belebele,en_en,jev-1.13.0,2026-09-17T01:23:56.992386+00:00,224.40020000794902,482,45,2.0244e-05,2,2,True,1.0,0.0,-0.0
belebele-a96cbee62035e1c3__ko_en,belebele-a96cbee62035e1c3,1,belebele,ko_en,jev-1.13.0,2026-09-17T01:23:57.219852+00:00,259.7212000109721,546,45,2.2932000000000003e-05,2,2,True,1.0,0.0,-0.0
belebele-a96cbee62035e1c3__ko_ko,belebele-a96cbee62035e1c3,1,belebele,ko_ko,jev-1.13.0,2026-09-17T01:23:57.483425+00:00,302.42579997866414,565,45,2.373e-05,2,2,True,1.0,0.0,-0.0
belebele-7f3ada63d6686c7c__en_en,belebele-7f3ada63d6686c7c,1,belebele,en_en,jev-1.13.0,2026-09-17T01:23:57.789511+00:00,225.74780002469197,508,45,2.1336000000000004e-05,3,3,True,0.9,0.009799999999999993,0.07257069283483537
belebele-7f3ada63d6686c7c__ko_en,belebele-7f3ada63d6686c7c,1,belebele,ko_en,jev-1.13.0,2026-09-17T01:23:58.018860+00:00,249.27590001607314,597,45,2.5074000000000004e-05,3,3,True,0.64,0.13520000000000001,0.3011050927839216
belebele-7f3ada63d6686c7c__ko_ko,belebele-7f3ada63d6686c7c,1,belebele,ko_ko,jev-1.13.0,2026-09-17T01:23:58.271525+00:00,233.90769999241456,616,45,2.5872000000000002e-05,3,3,True,0.66,0.125,0.2876820724517809
belebele-7bf1f9b29918a686__en_en,belebele-7bf1f9b29918a686,1,belebele,en_en,jev-1.13.0,2026-09-17T01:23:58.509095+00:00,237.88260002038442,507,45,2.1294000000000003e-05,2,2,True,1.0,0.0,-0.0
belebele-7bf1f9b29918a686__ko_en,belebele-7bf1f9b29918a686,1,belebele,ko_en,jev-1.13.0,2026-09-17T01:23:58.750438+00:00,224.86829999252222,610,45,2.5620000000000002e-05,2,2,True,0.98,0.0002000000000000002,0.01005033585350145
belebele-7bf1f9b29918a686__ko_ko,belebele-7bf1f9b29918a686,1,belebele,ko_ko,jev-1.13.0,2026-09-17T01:23:58.978357+00:00,230.31689997878857,629,45,2.6418000000000004e-05,2,2,True,0.97,0.0006000000000000007,0.020202707317519466
belebele-ea30d3d528536350__en_en,belebele-ea30d3d528536350,1,belebele,en_en,jev-1.13.0,2026-09-17T01:23:59.212314+00:00,191.84129999484867,514,45,2.1588000000000004e-05,2,2,True,0.99,0.0002000000000000002,0.01005033585350145
belebele-ea30d3d528536350__ko_en,belebele-ea30d3d528536350,1,belebele,ko_en,jev-1.13.0,2026-09-17T01:23:59.407618+00:00,264.49679999495856,611,45,2.5662000000000003e-05,2,2,True,0.57,0.20479999999999998,0.3856624808119846
belebele-ea30d3d528536350__ko_ko,belebele-ea30d3d528536350,1,belebele,ko_ko,jev-1.13.0,2026-09-17T01:23:59.675672+00:00,247.10580002283677,630,45,2.6460000000000004e-05,2,2,True,0.53,0.24499999999999997,0.4307829160924542
belebele-60ac40668df9494f__en_en,belebele-60ac40668df9494f,1,belebele,en_en,jev-1.13.0,2026-09-17T01:23:59.926355+00:00,216.16769998217933,525,45,2.2050000000000004e-05,3,3,True,1.0,0.0,-0.0
belebele-60ac40668df9494f__ko_en,belebele-60ac40668df9494f,1,belebele,ko_en,jev-1.13.0,2026-09-17T01:24:00.145935+00:00,224.72900000866503,598,45,2.5116000000000005e-05,3,3,True,1.0,0.0,-0.0
belebele-60ac40668df9494f__ko_ko,belebele-60ac40668df9494f,1,belebele,ko_ko,jev-1.13.0,2026-09-17T01:24:00.374168+00:00,250.9931999957189,617,45,2.5914000000000003e-05,3,3,True,1.0,0.0,-0.0
belebele-d6ee5ecbafb20e9c__en_en,belebele-d6ee5ecbafb20e9c,1,belebele,en_en,jev-1.13.0,2026-09-17T01:24:00.628430+00:00,189.33019999531098,538,45,2.2596000000000002e-05,3,3,True,0.98,0.0002000000000000002,0.01005033585350145
belebele-d6ee5ecbafb20e9c__ko_en,belebele-d6ee5ecbafb20e9c,1,belebele,ko_en,jev-1.13.0,2026-09-17T01:24:00.821831+00:00,265.85850000265054,633,45,2.6586000000000003e-05,3,3,True,0.99,0.0,-0.0
belebele-d6ee5ecbafb20e9c__ko_ko,belebele-d6ee5ecbafb20e9c,1,belebele,ko_ko,jev-1.13.0,2026-09-17T01:24:01.091810+00:00,206.37259999057278,652,45,2.7384000000000004e-05,3,3,True,0.99,0.0,-0.0
belebele-6423d2d88b03146e__en_en,belebele-6423d2d88b03146e,1,belebele,en_en,jev-1.13.0,2026-09-17T01:24:01.301747+00:00,714.8576999898069,530,45,2.2260000000000004e-05,1,1,True,1.0,0.0,-0.0
belebele-6423d2d88b03146e__ko_en,belebele-6423d2d88b03146e,1,belebele,ko_en,jev-1.13.0,2026-09-17T01:24:02.020081+00:00,210.31940000830218,630,45,2.6460000000000004e-05,1,1,True,0.98,0.0006000000000000007,0.020202707317519466
belebele-6423d2d88b03146e__ko_ko,belebele-6423d2d88b03146e,1,belebele,ko_ko,jev-1.13.0,2026-09-17T01:24:02.233495+00:00,194.60879999678582,649,45,2.7258000000000002e-05,1,1,True,0.97,0.0012000000000000016,0.030459207484708574
belebele-935d4cd5b7376c7d__en_en,belebele-935d4cd5b7376c7d,1,belebele,en_en,jev-1.13.0,2026-09-17T01:24:02.431349+00:00,230.77210001065396,487,45,2.0454e-05,2,2,True,1.0,0.0,-0.0
belebele-935d4cd5b7376c7d__ko_en,belebele-935d4cd5b7376c7d,1,belebele,ko_en,jev-1.13.0,2026-09-17T01:24:02.665843+00:00,202.72440000553615,568,45,2.3856000000000003e-05,2,2,True,1.0,0.0,-0.0
belebele-935d4cd5b7376c7d__ko_ko,belebele-935d4cd5b7376c7d,1,belebele,ko_ko,jev-1.13.0,2026-09-17T01:24:02.872023+00:00,211.02419999078847,587,45,2.4654000000000005e-05,2,2,True,1.0,0.0,-0.0
belebele-4722b51cde7a72d3__en_en,belebele-4722b51cde7a72d3,1,belebele,en_en,jev-1.13.0,2026-09-17T01:24:03.086581+00:00,208.7242000270635,485,45,2.0370000000000003e-05,1,1,True,1.0,0.0,-0.0
belebele-4722b51cde7a72d3__ko_en,belebele-4722b51cde7a72d3,1,belebele,ko_en,jev-1.13.0,2026-09-17T01:24:03.299572+00:00,195.05790001130663,598,45,2.5116000000000005e-05,1,1,True,0.99,0.0,-0.0
belebele-4722b51cde7a72d3__ko_ko,belebele-4722b51cde7a72d3,1,belebele,ko_ko,jev-1.13.0,2026-09-17T01:24:03.498306+00:00,262.75639998493716,617,45,2.5914000000000003e-05,1,1,True,0.99,0.0,-0.0
belebele-81a300fd9f42789f__en_en,belebele-81a300fd9f42789f,1,belebele,en_en,jev-1.13.0,2026-09-17T01:24:03.764691+00:00,194.30169998668134,506,45,2.1252000000000003e-05,4,4,True,1.0,0.0,-0.0
belebele-81a300fd9f42789f__ko_en,belebele-81a300fd9f42789f,1,belebele,ko_en,jev-1.13.0,2026-09-17T01:24:03.962147+00:00,212.75299999979325,599,45,2.5158000000000002e-05,4,4,True,1.0,0.0,-0.0
belebele-81a300fd9f42789f__ko_ko,belebele-81a300fd9f42789f,1,belebele,ko_ko,jev-1.13.0,2026-09-17T01:24:04.178246+00:00,223.6294999893289,618,45,2.5956000000000004e-05,4,4,True,1.0,0.0,-0.0
belebele-ac0569c8493ec8c7__en_en,belebele-ac0569c8493ec8c7,1,belebele,en_en,jev-1.13.0,2026-09-17T01:24:04.404741+00:00,214.25300001283176,474,45,1.9908000000000003e-05,4,4,True,0.94,0.003200000000000003,0.040821994520255166
belebele-ac0569c8493ec8c7__ko_en,belebele-ac0569c8493ec8c7,1,belebele,ko_en,jev-1.13.0,2026-09-17T01:24:04.622827+00:00,292.5902999995742,582,45,2.4444000000000002e-05,4,4,True,0.98,0.0008000000000000008,0.020202707317519466
belebele-ac0569c8493ec8c7__ko_ko,belebele-ac0569c8493ec8c7,1,belebele,ko_ko,jev-1.13.0,2026-09-17T01:24:04.918714+00:00,203.95260001532733,601,45,2.5242000000000003e-05,4,4,True,0.97,0.0008000000000000008,0.020202707317519466
belebele-48f1eb48b95c8fa0__en_en,belebele-48f1eb48b95c8fa0,1,belebele,en_en,jev-1.13.0,2026-09-17T01:24:05.126092+00:00,196.9608000072185,497,45,2.0874000000000004e-05,2,2,True,1.0,0.0,-0.0
belebele-48f1eb48b95c8fa0__ko_en,belebele-48f1eb48b95c8fa0,1,belebele,ko_en,jev-1.13.0,2026-09-17T01:24:05.326075+00:00,202.14979999582283,587,45,2.4654000000000005e-05,2,2,True,1.0,0.0,-0.0
belebele-48f1eb48b95c8fa0__ko_ko,belebele-48f1eb48b95c8fa0,1,belebele,ko_ko,jev-1.13.0,2026-09-17T01:24:05.531761+00:00,205.5603000044357,606,45,2.5452000000000003e-05,2,2,True,1.0,0.0,-0.0
belebele-170b133d996418ac__en_en,belebele-170b133d996418ac,1,belebele,en_en,jev-1.13.0,2026-09-17T01:24:05.740465+00:00,191.21160000213422,444,45,1.8648000000000002e-05,4,4,True,1.0,0.0,-0.0
belebele-170b133d996418ac__ko_en,belebele-170b133d996418ac,1,belebele,ko_en,jev-1.13.0,2026-09-17T01:24:05.934772+00:00,211.3707999815233,534,45,2.2428000000000003e-05,4,4,True,1.0,0.0,-0.0
belebele-170b133d996418ac__ko_ko,belebele-170b133d996418ac,1,belebele,ko_ko,jev-1.13.0,2026-09-17T01:24:06.148926+00:00,223.24560000561178,553,45,2.3226000000000004e-05,4,4,True,1.0,0.0,-0.0
belebele-f565a28c46e7f839__en_en,belebele-f565a28c46e7f839,1,belebele,en_en,jev-1.13.0,2026-09-17T01:24:06.375200+00:00,192.4736000073608,572,45,2.4024000000000002e-05,2,2,True,1.0,0.0,-0.0
belebele-f565a28c46e7f839__ko_en,belebele-f565a28c46e7f839,1,belebele,ko_en,jev-1.13.0,2026-09-17T01:24:06.571387+00:00,212.91570001631044,706,45,2.9652000000000003e-05,2,2,True,0.97,0.0008000000000000008,0.020202707317519466
belebele-f565a28c46e7f839__ko_ko,belebele-f565a28c46e7f839,1,belebele,ko_ko,jev-1.13.0,2026-09-17T01:24:06.787618+00:00,181.0053999943193,725,45,3.0450000000000005e-05,2,2,True,0.97,0.0014000000000000017,0.030459207484708574
belebele-bea9361e1344a163__en_en,belebele-bea9361e1344a163,1,belebele,en_en,jev-1.13.0,2026-09-17T01:24:06.971674+00:00,188.66460002027452,495,45,2.0790000000000003e-05,1,1,True,1.0,0.0,-0.0
belebele-bea9361e1344a163__ko_en,belebele-bea9361e1344a163,1,belebele,ko_en,jev-1.13.0,2026-09-17T01:24:07.164949+00:00,218.66740001132712,587,45,2.4654000000000005e-05,1,1,True,1.0,0.0,-0.0
belebele-bea9361e1344a163__ko_ko,belebele-bea9361e1344a163,1,belebele,ko_ko,jev-1.13.0,2026-09-17T01:24:07.386772+00:00,225.62579999794252,606,45,2.5452000000000003e-05,1,1,True,1.0,0.0,-0.0
belebele-ebf426ae131cdeff__en_en,belebele-ebf426ae131cdeff,1,belebele,en_en,jev-1.13.0,2026-09-17T01:24:07.616007+00:00,224.12440000334755,488,45,2.0496e-05,2,4,False,0.48,0.8665999999999999,1.2039728043259361
belebele-ebf426ae131cdeff__ko_en,belebele-ebf426ae131cdeff,1,belebele,ko_en,jev-1.13.0,2026-09-17T01:24:07.844223+00:00,209.67450001626275,581,45,2.4402000000000005e-05,2,4,False,0.46,1.1646,2.0402208285265546
belebele-ebf426ae131cdeff__ko_ko,belebele-ebf426ae131cdeff,1,belebele,ko_ko,jev-1.13.0,2026-09-17T01:24:08.057136+00:00,217.28199999779463,600,45,2.5200000000000003e-05,2,4,False,0.37,0.9460000000000002,1.5606477482646683
belebele-b2d424e2eb4ee9eb__en_en,belebele-b2d424e2eb4ee9eb,1,belebele,en_en,jev-1.13.0,2026-09-17T01:24:08.278000+00:00,293.82029999396764,617,45,2.5914000000000003e-05,1,1,True,1.0,0.0,-0.0
belebele-b2d424e2eb4ee9eb__ko_en,belebele-b2d424e2eb4ee9eb,1,belebele,ko_en,jev-1.13.0,2026-09-17T01:24:08.574994+00:00,236.2851000216324,774,45,3.2508e-05,1,1,True,0.95,0.0022000000000000027,0.040821994520255166
belebele-b2d424e2eb4ee9eb__ko_ko,belebele-b2d424e2eb4ee9eb,1,belebele,ko_ko,jev-1.13.0,2026-09-17T01:24:08.814671+00:00,232.64279999420978,793,45,3.3306e-05,1,1,True,0.93,0.0048000000000000065,0.06187540371808753
belebele-2b72b53bdb8833f2__en_en,belebele-2b72b53bdb8833f2,1,belebele,en_en,jev-1.13.0,2026-09-17T01:24:09.050573+00:00,227.83530000015162,480,45,2.0160000000000003e-05,4,4,True,1.0,0.0,-0.0
belebele-2b72b53bdb8833f2__ko_en,belebele-2b72b53bdb8833f2,1,belebele,ko_en,jev-1.13.0,2026-09-17T01:24:09.282291+00:00,213.15379999578,577,45,2.4234000000000002e-05,4,4,True,0.98,0.0002000000000000002,0.01005033585350145
belebele-2b72b53bdb8833f2__ko_ko,belebele-2b72b53bdb8833f2,1,belebele,ko_ko,jev-1.13.0,2026-09-17T01:24:09.498584+00:00,209.40300001529977,596,45,2.5032000000000004e-05,4,4,True,0.97,0.0006000000000000007,0.020202707317519466
belebele-511ed996a255a282__en_en,belebele-511ed996a255a282,1,belebele,en_en,jev-1.13.0,2026-09-17T01:24:09.711692+00:00,193.27200000407174,459,45,1.9278000000000004e-05,3,3,True,1.0,0.0,-0.0
belebele-511ed996a255a282__ko_en,belebele-511ed996a255a282,1,belebele,ko_en,jev-1.13.0,2026-09-17T01:24:09.908429+00:00,218.5211000032723,523,45,2.1966000000000003e-05,3,3,True,1.0,0.0,-0.0
belebele-511ed996a255a282__ko_ko,belebele-511ed996a255a282,1,belebele,ko_ko,jev-1.13.0,2026-09-17T01:24:10.130129+00:00,218.16089999629185,542,45,2.2764000000000004e-05,3,3,True,1.0,0.0,-0.0
belebele-66c76c721a3e9d34__en_en,belebele-66c76c721a3e9d34,1,belebele,en_en,jev-1.13.0,2026-09-17T01:24:10.351228+00:00,219.1136000037659,467,45,1.9614000000000002e-05,4,4,True,0.87,0.016599999999999997,0.10536051565782628
belebele-66c76c721a3e9d34__ko_en,belebele-66c76c721a3e9d34,1,belebele,ko_en,jev-1.13.0,2026-09-17T01:24:10.573800+00:00,214.1608000092674,557,45,2.3394000000000003e-05,4,2,False,0.64,1.2106000000000001,1.7147984280919266
belebele-66c76c721a3e9d34__ko_ko,belebele-66c76c721a3e9d34,1,belebele,ko_ko,jev-1.13.0,2026-09-17T01:24:10.790900+00:00,184.86559999291785,576,45,2.4192e-05,4,2,False,0.37,0.6706000000000001,0.9675840262617056
belebele-56bdaa1c86391419__en_en,belebele-56bdaa1c86391419,1,belebele,en_en,jev-1.13.0,2026-09-17T01:24:10.978859+00:00,209.33780001359992,544,45,2.2848000000000002e-05,3,3,True,1.0,0.0,-0.0
belebele-56bdaa1c86391419__ko_en,belebele-56bdaa1c86391419,1,belebele,ko_en,jev-1.13.0,2026-09-17T01:24:11.191211+00:00,212.41760000702925,630,45,2.6460000000000004e-05,3,3,True,1.0,0.0,-0.0
belebele-56bdaa1c86391419__ko_ko,belebele-56bdaa1c86391419,1,belebele,ko_ko,jev-1.13.0,2026-09-17T01:24:11.407261+00:00,199.641299986979,649,45,2.7258000000000002e-05,3,3,True,0.99,0.0,-0.0
belebele-a09ed76352936547__en_en,belebele-a09ed76352936547,1,belebele,en_en,jev-1.13.0,2026-09-17T01:24:11.610220+00:00,227.17060000286438,523,45,2.1966000000000003e-05,3,3,True,1.0,0.0,-0.0
belebele-a09ed76352936547__ko_en,belebele-a09ed76352936547,1,belebele,ko_en,jev-1.13.0,2026-09-17T01:24:11.841096+00:00,190.24170000921004,626,45,2.6292000000000005e-05,3,3,True,0.98,0.0002000000000000002,0.01005033585350145
belebele-a09ed76352936547__ko_ko,belebele-a09ed76352936547,1,belebele,ko_ko,jev-1.13.0,2026-09-17T01:24:12.035309+00:00,231.09070002101362,645,45,2.7090000000000003e-05,3,3,True,0.98,0.0002000000000000002,0.01005033585350145
belebele-a424ddae4ee73fb3__en_en,belebele-a424ddae4ee73fb3,1,belebele,en_en,jev-1.13.0,2026-09-17T01:24:12.269906+00:00,244.8539999895729,516,45,2.1672000000000002e-05,2,2,True,1.0,0.0,-0.0
belebele-a424ddae4ee73fb3__ko_en,belebele-a424ddae4ee73fb3,1,belebele,ko_en,jev-1.13.0,2026-09-17T01:24:12.518219+00:00,198.0217999953311,589,45,2.4738000000000003e-05,2,2,True,0.93,0.005000000000000006,0.06187540371808753
belebele-a424ddae4ee73fb3__ko_ko,belebele-a424ddae4ee73fb3,1,belebele,ko_ko,jev-1.13.0,2026-09-17T01:24:12.719221+00:00,268.81300000241026,608,45,2.5536000000000004e-05,2,2,True,0.92,0.007000000000000009,0.0725706928348355
belebele-75f217ff4a339c5b__en_en,belebele-75f217ff4a339c5b,1,belebele,en_en,jev-1.13.0,2026-09-17T01:24:12.991058+00:00,231.98759998194873,510,45,2.142e-05,2,2,True,1.0,0.0,-0.0
belebele-75f217ff4a339c5b__ko_en,belebele-75f217ff4a339c5b,1,belebele,ko_en,jev-1.13.0,2026-09-17T01:24:13.226565+00:00,187.26790000800975,617,45,2.5914000000000003e-05,2,2,True,0.98,0.0002000000000000002,0.01005033585350145
belebele-75f217ff4a339c5b__ko_ko,belebele-75f217ff4a339c5b,1,belebele,ko_ko,jev-1.13.0,2026-09-17T01:24:13.416848+00:00,221.33100000792183,636,45,2.6712000000000004e-05,2,2,True,0.98,0.0002000000000000002,0.01005033585350145
belebele-898b6637211190b8__en_en,belebele-898b6637211190b8,1,belebele,en_en,jev-1.13.0,2026-09-17T01:24:13.641768+00:00,204.90320000681095,478,45,2.0076000000000002e-05,2,2,True,1.0,0.0,-0.0
belebele-898b6637211190b8__ko_en,belebele-898b6637211190b8,1,belebele,ko_en,jev-1.13.0,2026-09-17T01:24:13.850036+00:00,182.73840000620112,571,45,2.3982000000000002e-05,2,2,True,1.0,0.0,-0.0
belebele-898b6637211190b8__ko_ko,belebele-898b6637211190b8,1,belebele,ko_ko,jev-1.13.0,2026-09-17T01:24:14.036299+00:00,226.31749999709427,590,45,2.4780000000000003e-05,2,2,True,1.0,0.0,-0.0
belebele-9c20288f818f9034__en_en,belebele-9c20288f818f9034,1,belebele,en_en,jev-1.13.0,2026-09-17T01:24:14.265520+00:00,194.29879999370314,504,45,2.1168e-05,4,4,True,1.0,0.0,-0.0
belebele-9c20288f818f9034__ko_en,belebele-9c20288f818f9034,1,belebele,ko_en,jev-1.13.0,2026-09-17T01:24:14.463233+00:00,229.69340000418015,625,45,2.6250000000000004e-05,4,4,True,1.0,0.0,-0.0
belebele-9c20288f818f9034__ko_ko,belebele-9c20288f818f9034,1,belebele,ko_ko,jev-1.13.0,2026-09-17T01:24:14.696537+00:00,260.6826999981422,644,45,2.7048000000000003e-05,4,4,True,1.0,0.0,-0.0
belebele-95774ceec77c9774__en_en,belebele-95774ceec77c9774,1,belebele,en_en,jev-1.13.0,2026-09-17T01:24:14.960567+00:00,193.42159997904673,528,45,2.2176000000000002e-05,4,4,True,1.0,0.0,-0.0
belebele-95774ceec77c9774__ko_en,belebele-95774ceec77c9774,1,belebele,ko_en,jev-1.13.0,2026-09-17T01:24:15.156989+00:00,234.38539999187924,640,45,2.6880000000000004e-05,4,4,True,1.0,0.0,-0.0
belebele-95774ceec77c9774__ko_ko,belebele-95774ceec77c9774,1,belebele,ko_ko,jev-1.13.0,2026-09-17T01:24:15.395117+00:00,380.1231999823358,659,45,2.7678000000000005e-05,4,4,True,1.0,0.0,-0.0
belebele-406abae9ae3ba206__en_en,belebele-406abae9ae3ba206,1,belebele,en_en,jev-1.13.0,2026-09-17T01:24:15.778683+00:00,224.20949998195283,488,45,2.0496e-05,2,2,True,0.99,0.0002000000000000002,0.01005033585350145
belebele-406abae9ae3ba206__ko_en,belebele-406abae9ae3ba206,1,belebele,ko_en,jev-1.13.0,2026-09-17T01:24:16.006171+00:00,208.3930000080727,567,45,2.3814000000000003e-05,2,2,True,1.0,0.0,-0.0
belebele-406abae9ae3ba206__ko_ko,belebele-406abae9ae3ba206,1,belebele,ko_ko,jev-1.13.0,2026-09-17T01:24:16.218649+00:00,245.16479999874718,586,45,2.4612000000000004e-05,2,2,True,0.99,0.0,-0.0
belebele-ed20b623b5f24c94__en_en,belebele-ed20b623b5f24c94,1,belebele,en_en,jev-1.13.0,2026-09-17T01:24:16.468139+00:00,234.68090000096709,516,45,2.1672000000000002e-05,1,1,True,1.0,0.0,-0.0
belebele-ed20b623b5f24c94__ko_en,belebele-ed20b623b5f24c94,1,belebele,ko_en,jev-1.13.0,2026-09-17T01:24:17.389175+00:00,242.62820000876673,633,45,2.6586000000000003e-05,1,1,True,1.0,0.0,-0.0
belebele-ed20b623b5f24c94__ko_ko,belebele-ed20b623b5f24c94,1,belebele,ko_ko,jev-1.13.0,2026-09-17T01:24:17.635396+00:00,264.0011999756098,652,45,2.7384000000000004e-05,1,1,True,1.0,0.0,-0.0
belebele-974bbd5ef76bfbd3__en_en,belebele-974bbd5ef76bfbd3,1,belebele,en_en,jev-1.13.0,2026-09-17T01:24:17.903057+00:00,239.83549998956732,549,45,2.3058000000000002e-05,1,1,True,1.0,0.0,-0.0
belebele-974bbd5ef76bfbd3__ko_en,belebele-974bbd5ef76bfbd3,1,belebele,ko_en,jev-1.13.0,2026-09-17T01:24:18.146272+00:00,197.00519999605604,692,45,2.9064000000000005e-05,1,1,True,0.99,0.0,-0.0
belebele-974bbd5ef76bfbd3__ko_ko,belebele-974bbd5ef76bfbd3,1,belebele,ko_ko,jev-1.13.0,2026-09-17T01:24:18.346159+00:00,206.73299999907613,711,45,2.9862000000000003e-05,1,1,True,0.99,0.0,-0.0
belebele-c053bcf8f5cd5f18__en_en,belebele-c053bcf8f5cd5f18,1,belebele,en_en,jev-1.13.0,2026-09-17T01:24:18.556397+00:00,214.7250999987591,501,45,2.1042000000000003e-05,2,2,True,1.0,0.0,-0.0
belebele-c053bcf8f5cd5f18__ko_en,belebele-c053bcf8f5cd5f18,1,belebele,ko_en,jev-1.13.0,2026-09-17T01:24:18.773911+00:00,207.26619998458773,578,45,2.4276000000000003e-05,2,2,True,1.0,0.0,-0.0
belebele-c053bcf8f5cd5f18__ko_ko,belebele-c053bcf8f5cd5f18,1,belebele,ko_ko,jev-1.13.0,2026-09-17T01:24:18.984174+00:00,199.81570000527427,597,45,2.5074000000000004e-05,2,2,True,0.99,0.0,-0.0
belebele-9881d64792dc69ae__en_en,belebele-9881d64792dc69ae,1,belebele,en_en,jev-1.13.0,2026-09-17T01:24:19.187758+00:00,210.01589999650605,510,45,2.142e-05,4,4,True,0.65,0.13520000000000001,0.3011050927839216
belebele-9881d64792dc69ae__ko_en,belebele-9881d64792dc69ae,1,belebele,ko_en,jev-1.13.0,2026-09-17T01:24:19.401246+00:00,233.37870000978,600,45,2.5200000000000003e-05,4,4,True,0.88,0.016199999999999992,0.09431067947124129
belebele-9881d64792dc69ae__ko_ko,belebele-9881d64792dc69ae,1,belebele,ko_ko,jev-1.13.0,2026-09-17T01:24:19.637941+00:00,226.61370001151226,619,45,2.5998000000000004e-05,4,4,True,0.87,0.016199999999999992,0.09431067947124129
belebele-d0fe6eeaeeebcb1b__en_en,belebele-d0fe6eeaeeebcb1b,1,belebele,en_en,jev-1.13.0,2026-09-17T01:24:19.867401+00:00,207.3143000015989,455,45,1.911e-05,1,1,True,1.0,0.0,-0.0
belebele-d0fe6eeaeeebcb1b__ko_en,belebele-d0fe6eeaeeebcb1b,1,belebele,ko_en,jev-1.13.0,2026-09-17T01:24:20.078212+00:00,394.8716000013519,533,45,2.2386000000000002e-05,1,1,True,1.0,0.0,-0.0
belebele-d0fe6eeaeeebcb1b__ko_ko,belebele-d0fe6eeaeeebcb1b,1,belebele,ko_ko,jev-1.13.0,2026-09-17T01:24:20.476937+00:00,200.9828999871388,552,45,2.3184000000000004e-05,1,1,True,1.0,0.0,-0.0
belebele-ce47dda36888132d__en_en,belebele-ce47dda36888132d,1,belebele,en_en,jev-1.13.0,2026-09-17T01:24:20.681401+00:00,213.75540000735782,544,45,2.2848000000000002e-05,4,4,True,0.99,0.0,-0.0
belebele-ce47dda36888132d__ko_en,belebele-ce47dda36888132d,1,belebele,ko_en,jev-1.13.0,2026-09-17T01:24:20.898507+00:00,207.41720002843067,651,45,2.7342000000000004e-05,4,4,True,0.99,0.0,-0.0
belebele-ce47dda36888132d__ko_ko,belebele-ce47dda36888132d,1,belebele,ko_ko,jev-1.13.0,2026-09-17T01:24:21.109344+00:00,217.25650000735186,670,45,2.8140000000000005e-05,4,4,True,0.98,0.0002000000000000002,0.01005033585350145
belebele-331139bfbccb4305__en_en,belebele-331139bfbccb4305,1,belebele,en_en,jev-1.13.0,2026-09-17T01:24:21.330180+00:00,238.00710000796244,523,45,2.1966000000000003e-05,4,4,True,1.0,0.0,-0.0
belebele-331139bfbccb4305__ko_en,belebele-331139bfbccb4305,1,belebele,ko_en,jev-1.13.0,2026-09-17T01:24:21.571703+00:00,222.4599000182934,632,45,2.6544000000000002e-05,4,4,True,1.0,0.0,-0.0
belebele-331139bfbccb4305__ko_ko,belebele-331139bfbccb4305,1,belebele,ko_ko,jev-1.13.0,2026-09-17T01:24:21.797653+00:00,208.1395999994129,651,45,2.7342000000000004e-05,4,4,True,1.0,0.0,-0.0
belebele-9d6b5b75bec05609__en_en,belebele-9d6b5b75bec05609,1,belebele,en_en,jev-1.13.0,2026-09-17T01:24:22.009578+00:00,217.63639998971485,537,45,2.2554000000000005e-05,3,3,True,0.99,0.0002000000000000002,0.01005033585350145
belebele-9d6b5b75bec05609__ko_en,belebele-9d6b5b75bec05609,1,belebele,ko_en,jev-1.13.0,2026-09-17T01:24:22.230666+00:00,236.57700000330806,626,45,2.6292000000000005e-05,3,3,True,0.97,0.0008000000000000008,0.020202707317519466
belebele-9d6b5b75bec05609__ko_ko,belebele-9d6b5b75bec05609,1,belebele,ko_ko,jev-1.13.0,2026-09-17T01:24:22.470699+00:00,496.4367999928072,645,45,2.7090000000000003e-05,3,3,True,0.97,0.0008000000000000008,0.020202707317519466
belebele-75171e61e885d6df__en_en,belebele-75171e61e885d6df,1,belebele,en_en,jev-1.13.0,2026-09-17T01:24:22.970647+00:00,193.0657000048086,547,45,2.2974000000000004e-05,4,4,True,1.0,0.0,-0.0
belebele-75171e61e885d6df__ko_en,belebele-75171e61e885d6df,1,belebele,ko_en,jev-1.13.0,2026-09-17T01:24:23.166871+00:00,191.03990000439808,635,45,2.6670000000000004e-05,4,4,True,1.0,0.0,-0.0
belebele-75171e61e885d6df__ko_ko,belebele-75171e61e885d6df,1,belebele,ko_ko,jev-1.13.0,2026-09-17T01:24:23.361402+00:00,231.62690000026487,654,45,2.7468000000000002e-05,4,4,True,1.0,0.0,-0.0
belebele-d81f62f622915f1d__en_en,belebele-d81f62f622915f1d,1,belebele,en_en,jev-1.13.0,2026-09-17T01:24:23.597184+00:00,204.9663999932818,470,45,1.9740000000000004e-05,3,3,True,0.98,0.0,-0.0
belebele-d81f62f622915f1d__ko_en,belebele-d81f62f622915f1d,1,belebele,ko_en,jev-1.13.0,2026-09-17T01:24:23.805793+00:00,259.15189998340793,498,45,2.0916000000000004e-05,3,3,True,0.97,0.0006000000000000007,0.020202707317519466
belebele-d81f62f622915f1d__ko_ko,belebele-d81f62f622915f1d,1,belebele,ko_ko,jev-1.13.0,2026-09-17T01:24:24.068422+00:00,193.57529998524114,517,45,2.1714000000000003e-05,3,3,True,0.98,0.0002000000000000002,0.01005033585350145
belebele-416e2720343b44ce__en_en,belebele-416e2720343b44ce,1,belebele,en_en,jev-1.13.0,2026-09-17T01:24:24.265245+00:00,210.8643999963533,531,45,2.2302000000000004e-05,2,2,True,0.98,0.0002000000000000002,0.01005033585350145
belebele-416e2720343b44ce__ko_en,belebele-416e2720343b44ce,1,belebele,ko_en,jev-1.13.0,2026-09-17T01:24:24.480511+00:00,239.30079999263398,584,45,2.4528000000000003e-05,2,2,True,0.94,0.0036000000000000042,0.05129329438755058
belebele-416e2720343b44ce__ko_ko,belebele-416e2720343b44ce,1,belebele,ko_ko,jev-1.13.0,2026-09-17T01:24:24.723422+00:00,191.69020000845194,603,45,2.5326000000000005e-05,2,2,True,0.91,0.007599999999999993,0.07257069283483537
belebele-68785c1789e12bc6__en_en,belebele-68785c1789e12bc6,1,belebele,en_en,jev-1.13.0,2026-09-17T01:24:24.918879+00:00,227.36610000720248,508,45,2.1336000000000004e-05,3,3,True,1.0,0.0,-0.0
belebele-68785c1789e12bc6__ko_en,belebele-68785c1789e12bc6,1,belebele,ko_en,jev-1.13.0,2026-09-17T01:24:25.149070+00:00,193.61719998414628,599,45,2.5158000000000002e-05,3,3,True,0.91,0.006999999999999993,0.07257069283483537
belebele-68785c1789e12bc6__ko_ko,belebele-68785c1789e12bc6,1,belebele,ko_ko,jev-1.13.0,2026-09-17T01:24:25.345990+00:00,253.97200000588782,618,45,2.5956000000000004e-05,3,3,True,0.92,0.005400000000000006,0.06187540371808753
belebele-041a8328fff4865a__en_en,belebele-041a8328fff4865a,1,belebele,en_en,jev-1.13.0,2026-09-17T01:24:25.603095+00:00,405.8726000075694,521,45,2.1882e-05,1,1,True,1.0,0.0,-0.0
belebele-041a8328fff4865a__ko_en,belebele-041a8328fff4865a,1,belebele,ko_en,jev-1.13.0,2026-09-17T01:24:26.012303+00:00,201.96429998031817,636,45,2.6712000000000004e-05,1,1,True,1.0,0.0,-0.0
belebele-041a8328fff4865a__ko_ko,belebele-041a8328fff4865a,1,belebele,ko_ko,jev-1.13.0,2026-09-17T01:24:26.217865+00:00,613.6078999843448,655,45,2.7510000000000003e-05,1,1,True,0.99,0.0,-0.0
belebele-802695b2ee96ca8b__en_en,belebele-802695b2ee96ca8b,1,belebele,en_en,jev-1.13.0,2026-09-17T01:24:26.834858+00:00,498.77370000467636,519,45,2.1798000000000004e-05,4,4,True,1.0,0.0,-0.0
belebele-802695b2ee96ca8b__ko_en,belebele-802695b2ee96ca8b,1,belebele,ko_en,jev-1.13.0,2026-09-17T01:24:27.336543+00:00,250.0999000039883,635,45,2.6670000000000004e-05,4,4,True,1.0,0.0,-0.0
belebele-802695b2ee96ca8b__ko_ko,belebele-802695b2ee96ca8b,1,belebele,ko_ko,jev-1.13.0,2026-09-17T01:24:27.590225+00:00,262.0160999940708,654,45,2.7468000000000002e-05,4,4,True,1.0,0.0,-0.0
belebele-cf95ed68cb004cd7__en_en,belebele-cf95ed68cb004cd7,1,belebele,en_en,jev-1.13.0,2026-09-17T01:24:27.855880+00:00,202.4663999909535,507,45,2.1294000000000003e-05,4,4,True,1.0,0.0,-0.0
belebele-cf95ed68cb004cd7__ko_en,belebele-cf95ed68cb004cd7,1,belebele,ko_en,jev-1.13.0,2026-09-17T01:24:28.061555+00:00,243.05640000966378,603,45,2.5326000000000005e-05,4,4,True,1.0,0.0,-0.0
belebele-cf95ed68cb004cd7__ko_ko,belebele-cf95ed68cb004cd7,1,belebele,ko_ko,jev-1.13.0,2026-09-17T01:24:28.307567+00:00,221.6226999880746,622,45,2.6124000000000003e-05,4,4,True,1.0,0.0,-0.0
belebele-6e2b50d1df84f12f__en_en,belebele-6e2b50d1df84f12f,1,belebele,en_en,jev-1.13.0,2026-09-17T01:24:28.532186+00:00,219.10059999208897,492,45,2.0664000000000004e-05,4,4,True,1.0,0.0,-0.0
belebele-6e2b50d1df84f12f__ko_en,belebele-6e2b50d1df84f12f,1,belebele,ko_en,jev-1.13.0,2026-09-17T01:24:28.754047+00:00,204.69610000145622,607,45,2.5494000000000004e-05,4,4,True,0.99,0.0,-0.0
belebele-6e2b50d1df84f12f__ko_ko,belebele-6e2b50d1df84f12f,1,belebele,ko_ko,jev-1.13.0,2026-09-17T01:24:28.961721+00:00,197.34489999245852,626,45,2.6292000000000005e-05,4,4,True,0.99,0.0,-0.0
belebele-71b6d4fe4a675dda__en_en,belebele-71b6d4fe4a675dda,1,belebele,en_en,jev-1.13.0,2026-09-17T01:24:29.162050+00:00,226.797399984207,502,45,2.1084000000000003e-05,3,3,True,1.0,0.0,-0.0
belebele-71b6d4fe4a675dda__ko_en,belebele-71b6d4fe4a675dda,1,belebele,ko_en,jev-1.13.0,2026-09-17T01:24:29.391784+00:00,277.8231000120286,599,45,2.5158000000000002e-05,3,3,True,0.93,0.003200000000000003,0.040821994520255166
belebele-71b6d4fe4a675dda__ko_ko,belebele-71b6d4fe4a675dda,1,belebele,ko_ko,jev-1.13.0,2026-09-17T01:24:29.672466+00:00,221.56800000811927,618,45,2.5956000000000004e-05,3,3,True,0.91,0.006200000000000007,0.06187540371808753
belebele-af64cc32be566d89__en_en,belebele-af64cc32be566d89,1,belebele,en_en,jev-1.13.0,2026-09-17T01:24:29.898276+00:00,179.83249999815598,532,45,2.2344e-05,1,1,True,1.0,0.0,-0.0
belebele-af64cc32be566d89__ko_en,belebele-af64cc32be566d89,1,belebele,ko_en,jev-1.13.0,2026-09-17T01:24:30.081680+00:00,221.86950000468642,647,45,2.7174000000000004e-05,1,1,True,0.98,0.0002000000000000002,0.01005033585350145
belebele-af64cc32be566d89__ko_ko,belebele-af64cc32be566d89,1,belebele,ko_ko,jev-1.13.0,2026-09-17T01:24:30.307149+00:00,207.22270000260323,666,45,2.7972000000000003e-05,1,1,True,0.98,0.0002000000000000002,0.01005033585350145
belebele-1e16bdfaabcc14a5__en_en,belebele-1e16bdfaabcc14a5,1,belebele,en_en,jev-1.13.0,2026-09-17T01:24:30.517888+00:00,221.35740000521764,495,45,2.0790000000000003e-05,1,1,True,1.0,0.0,-0.0
belebele-1e16bdfaabcc14a5__ko_en,belebele-1e16bdfaabcc14a5,1,belebele,ko_en,jev-1.13.0,2026-09-17T01:24:30.742627+00:00,224.1263999894727,591,45,2.4822000000000004e-05,1,1,True,1.0,0.0,-0.0
belebele-1e16bdfaabcc14a5__ko_ko,belebele-1e16bdfaabcc14a5,1,belebele,ko_ko,jev-1.13.0,2026-09-17T01:24:30.969787+00:00,223.01810001954436,610,45,2.5620000000000002e-05,1,1,True,1.0,0.0,-0.0
belebele-b4b0e75b1c5d5d09__en_en,belebele-b4b0e75b1c5d5d09,1,belebele,en_en,jev-1.13.0,2026-09-17T01:24:31.196518+00:00,260.2996999921743,483,45,2.0286000000000002e-05,1,1,True,1.0,0.0,-0.0
belebele-b4b0e75b1c5d5d09__ko_en,belebele-b4b0e75b1c5d5d09,1,belebele,ko_en,jev-1.13.0,2026-09-17T01:24:31.460530+00:00,392.2339999990072,569,45,2.3898000000000004e-05,1,1,True,0.71,0.08159999999999999,0.2484613592984996
belebele-b4b0e75b1c5d5d09__ko_ko,belebele-b4b0e75b1c5d5d09,1,belebele,ko_ko,jev-1.13.0,2026-09-17T01:24:31.856343+00:00,234.38030001125298,588,45,2.4696000000000002e-05,1,1,True,0.7,0.08979999999999999,0.2613647641344075
belebele-9c0e929640c01f66__en_en,belebele-9c0e929640c01f66,1,belebele,en_en,jev-1.13.0,2026-09-17T01:24:32.094462+00:00,211.77300001727417,454,45,1.9068e-05,3,3,True,1.0,0.0,-0.0
belebele-9c0e929640c01f66__ko_en,belebele-9c0e929640c01f66,1,belebele,ko_en,jev-1.13.0,2026-09-17T01:24:32.310106+00:00,264.85939999110997,524,45,2.2008000000000003e-05,3,3,True,1.0,0.0,-0.0
belebele-9c0e929640c01f66__ko_ko,belebele-9c0e929640c01f66,1,belebele,ko_ko,jev-1.13.0,2026-09-17T01:24:32.579201+00:00,201.37190000968985,543,45,2.2806e-05,3,3,True,1.0,0.0,-0.0
belebele-c389cd7dfb2c53d7__en_en,belebele-c389cd7dfb2c53d7,1,belebele,en_en,jev-1.13.0,2026-09-17T01:24:32.784174+00:00,217.5598999892827,489,45,2.0538000000000002e-05,1,2,False,0.43,0.6614000000000001,0.8675005677047231
belebele-c389cd7dfb2c53d7__ko_en,belebele-c389cd7dfb2c53d7,1,belebele,ko_en,jev-1.13.0,2026-09-17T01:24:33.005369+00:00,249.80330001562834,580,45,2.4360000000000004e-05,1,2,False,0.36,0.5412,0.7550225842780328
belebele-c389cd7dfb2c53d7__ko_ko,belebele-c389cd7dfb2c53d7,1,belebele,ko_ko,jev-1.13.0,2026-09-17T01:24:33.258463+00:00,288.0977999884635,599,45,2.5158000000000002e-05,1,1,True,0.35,0.4422,0.6539264674066639
belebele-b98c73cbd2118461__en_en,belebele-b98c73cbd2118461,1,belebele,en_en,jev-1.13.0,2026-09-17T01:24:33.550207+00:00,219.70089999376796,482,45,2.0244e-05,2,2,True,1.0,0.0,-0.0
belebele-b98c73cbd2118461__ko_en,belebele-b98c73cbd2118461,1,belebele,ko_en,jev-1.13.0,2026-09-17T01:24:33.773648+00:00,216.4774999837391,530,45,2.2260000000000004e-05,2,2,True,0.99,0.0,-0.0
belebele-b98c73cbd2118461__ko_ko,belebele-b98c73cbd2118461,1,belebele,ko_ko,jev-1.13.0,2026-09-17T01:24:33.993786+00:00,201.34820000384934,549,45,2.3058000000000002e-05,2,2,True,0.99,0.0,-0.0
belebele-1ffef31e0efd57c0__en_en,belebele-1ffef31e0efd57c0,1,belebele,en_en,jev-1.13.0,2026-09-17T01:24:34.198925+00:00,243.12599998665974,471,45,1.9782e-05,2,2,True,1.0,0.0,-0.0
belebele-1ffef31e0efd57c0__ko_en,belebele-1ffef31e0efd57c0,1,belebele,ko_en,jev-1.13.0,2026-09-17T01:24:34.445727+00:00,248.03879999672063,555,45,2.3310000000000002e-05,2,2,True,0.98,0.0002000000000000002,0.01005033585350145
belebele-1ffef31e0efd57c0__ko_ko,belebele-1ffef31e0efd57c0,1,belebele,ko_ko,jev-1.13.0,2026-09-17T01:24:34.698080+00:00,188.2544000109192,574,45,2.4108000000000004e-05,2,2,True,0.94,0.002600000000000003,0.040821994520255166
belebele-670149f5522695ac__en_en,belebele-670149f5522695ac,1,belebele,en_en,jev-1.13.0,2026-09-17T01:24:34.890033+00:00,192.83380001434125,466,45,1.9572e-05,1,1,True,1.0,0.0,-0.0
belebele-670149f5522695ac__ko_en,belebele-670149f5522695ac,1,belebele,ko_en,jev-1.13.0,2026-09-17T01:24:35.087378+00:00,241.1030999792274,549,45,2.3058000000000002e-05,1,1,True,1.0,0.0,-0.0
belebele-670149f5522695ac__ko_ko,belebele-670149f5522695ac,1,belebele,ko_ko,jev-1.13.0,2026-09-17T01:24:35.332146+00:00,194.2544000048656,568,45,2.3856000000000003e-05,1,1,True,0.99,0.0,-0.0
belebele-3a341f9e0dec9bdb__en_en,belebele-3a341f9e0dec9bdb,1,belebele,en_en,jev-1.13.0,2026-09-17T01:24:35.530041+00:00,235.63100001774728,525,45,2.2050000000000004e-05,1,1,True,1.0,0.0,-0.0
belebele-3a341f9e0dec9bdb__ko_en,belebele-3a341f9e0dec9bdb,1,belebele,ko_en,jev-1.13.0,2026-09-17T01:24:35.769255+00:00,302.66909999772906,649,45,2.7258000000000002e-05,1,1,True,0.99,0.0,-0.0
belebele-3a341f9e0dec9bdb__ko_ko,belebele-3a341f9e0dec9bdb,1,belebele,ko_ko,jev-1.13.0,2026-09-17T01:24:36.076069+00:00,314.52890002401546,668,45,2.8056000000000004e-05,1,1,True,0.99,0.0,-0.0
belebele-614a14f720cc4f9e__en_en,belebele-614a14f720cc4f9e,1,belebele,en_en,jev-1.13.0,2026-09-17T01:24:36.395017+00:00,226.12509998725727,552,45,2.3184000000000004e-05,1,1,True,1.0,0.0,-0.0
belebele-614a14f720cc4f9e__ko_en,belebele-614a14f720cc4f9e,1,belebele,ko_en,jev-1.13.0,2026-09-17T01:24:36.625027+00:00,213.13200000440702,670,45,2.8140000000000005e-05,1,1,True,1.0,0.0,-0.0
belebele-614a14f720cc4f9e__ko_ko,belebele-614a14f720cc4f9e,1,belebele,ko_ko,jev-1.13.0,2026-09-17T01:24:36.841910+00:00,340.6177000142634,689,45,2.8938000000000003e-05,1,1,True,1.0,0.0,-0.0
belebele-ad7760c8d657771d__en_en,belebele-ad7760c8d657771d,1,belebele,en_en,jev-1.13.0,2026-09-17T01:24:37.186331+00:00,275.08469999884255,503,45,2.1126000000000004e-05,3,3,True,1.0,0.0,-0.0
belebele-ad7760c8d657771d__ko_en,belebele-ad7760c8d657771d,1,belebele,ko_en,jev-1.13.0,2026-09-17T01:24:37.465057+00:00,255.91480001457967,612,45,2.5704000000000003e-05,3,3,True,0.98,0.0002000000000000002,0.01005033585350145
belebele-ad7760c8d657771d__ko_ko,belebele-ad7760c8d657771d,1,belebele,ko_ko,jev-1.13.0,2026-09-17T01:24:37.724619+00:00,215.62650002306327,631,45,2.6502000000000005e-05,3,3,True,0.96,0.0012000000000000016,0.030459207484708574
belebele-2dabbccebc25454d__en_en,belebele-2dabbccebc25454d,1,belebele,en_en,jev-1.13.0,2026-09-17T01:24:37.944300+00:00,271.29629999399185,531,45,2.2302000000000004e-05,4,4,True,1.0,0.0,-0.0
belebele-2dabbccebc25454d__ko_en,belebele-2dabbccebc25454d,1,belebele,ko_en,jev-1.13.0,2026-09-17T01:24:38.219610+00:00,230.14179998426698,628,45,2.6376000000000003e-05,4,4,True,1.0,0.0,-0.0
belebele-2dabbccebc25454d__ko_ko,belebele-2dabbccebc25454d,1,belebele,ko_ko,jev-1.13.0,2026-09-17T01:24:38.453348+00:00,197.70649998099543,647,45,2.7174000000000004e-05,4,4,True,1.0,0.0,-0.0
belebele-145c5620bb0a57e6__en_en,belebele-145c5620bb0a57e6,1,belebele,en_en,jev-1.13.0,2026-09-17T01:24:38.654857+00:00,219.11419997923076,496,45,2.0832000000000003e-05,2,2,True,1.0,0.0,-0.0
belebele-145c5620bb0a57e6__ko_en,belebele-145c5620bb0a57e6,1,belebele,ko_en,jev-1.13.0,2026-09-17T01:24:38.877693+00:00,223.50970000843517,590,45,2.4780000000000003e-05,2,2,True,1.0,0.0,-0.0
belebele-145c5620bb0a57e6__ko_ko,belebele-145c5620bb0a57e6,1,belebele,ko_ko,jev-1.13.0,2026-09-17T01:24:39.104790+00:00,199.10040000104345,609,45,2.5578000000000005e-05,2,2,True,0.99,0.0,-0.0
belebele-43cd780bf94cf101__en_en,belebele-43cd780bf94cf101,1,belebele,en_en,jev-1.13.0,2026-09-17T01:24:39.307077+00:00,229.16259997873567,489,45,2.0538000000000002e-05,3,3,True,1.0,0.0,-0.0
belebele-43cd780bf94cf101__ko_en,belebele-43cd780bf94cf101,1,belebele,ko_en,jev-1.13.0,2026-09-17T01:24:39.539885+00:00,274.87519997521304,559,45,2.3478000000000005e-05,3,3,True,1.0,0.0,-0.0
belebele-43cd780bf94cf101__ko_ko,belebele-43cd780bf94cf101,1,belebele,ko_ko,jev-1.13.0,2026-09-17T01:24:39.818032+00:00,225.73750000447035,578,45,2.4276000000000003e-05,3,3,True,1.0,0.0,-0.0
belebele-cc4af2cad699b34a__en_en,belebele-cc4af2cad699b34a,1,belebele,en_en,jev-1.13.0,2026-09-17T01:24:40.047481+00:00,226.86979998252355,466,45,1.9572e-05,2,2,True,1.0,0.0,-0.0
belebele-cc4af2cad699b34a__ko_en,belebele-cc4af2cad699b34a,1,belebele,ko_en,jev-1.13.0,2026-09-17T01:24:40.278075+00:00,231.69989997404628,554,45,2.3268e-05,2,2,True,1.0,0.0,-0.0
belebele-cc4af2cad699b34a__ko_ko,belebele-cc4af2cad699b34a,1,belebele,ko_ko,jev-1.13.0,2026-09-17T01:24:40.513363+00:00,214.86239999649115,573,45,2.4066000000000003e-05,2,2,True,1.0,0.0,-0.0
belebele-8a177c1274185e6a__en_en,belebele-8a177c1274185e6a,1,belebele,en_en,jev-1.13.0,2026-09-17T01:24:40.732055+00:00,210.81049999338575,435,45,1.8270000000000003e-05,1,1,True,1.0,0.0,-0.0
belebele-8a177c1274185e6a__ko_en,belebele-8a177c1274185e6a,1,belebele,ko_en,jev-1.13.0,2026-09-17T01:24:40.946655+00:00,230.03750000498258,482,45,2.0244e-05,1,1,True,1.0,0.0,-0.0
belebele-8a177c1274185e6a__ko_ko,belebele-8a177c1274185e6a,1,belebele,ko_ko,jev-1.13.0,2026-09-17T01:24:41.179823+00:00,253.01889999536797,501,45,2.1042000000000003e-05,1,1,True,1.0,0.0,-0.0
belebele-8bdf8c48ac3f37dc__en_en,belebele-8bdf8c48ac3f37dc,1,belebele,en_en,jev-1.13.0,2026-09-17T01:24:41.436489+00:00,206.42310002585873,472,45,1.9824000000000002e-05,1,1,True,1.0,0.0,-0.0
belebele-8bdf8c48ac3f37dc__ko_en,belebele-8bdf8c48ac3f37dc,1,belebele,ko_en,jev-1.13.0,2026-09-17T01:24:41.646180+00:00,247.14289998519234,548,45,2.3016000000000005e-05,1,1,True,1.0,0.0,-0.0
belebele-8bdf8c48ac3f37dc__ko_ko,belebele-8bdf8c48ac3f37dc,1,belebele,ko_ko,jev-1.13.0,2026-09-17T01:24:42.602291+00:00,194.80430000112392,567,45,2.3814000000000003e-05,1,1,True,1.0,0.0,-0.0
belebele-268f8ff02fcd0095__en_en,belebele-268f8ff02fcd0095,1,belebele,en_en,jev-1.13.0,2026-09-17T01:24:42.800180+00:00,205.0320999987889,521,45,2.1882e-05,4,4,True,1.0,0.0,-0.0
belebele-268f8ff02fcd0095__ko_en,belebele-268f8ff02fcd0095,1,belebele,ko_en,jev-1.13.0,2026-09-17T01:24:43.008227+00:00,234.78580001392402,653,45,2.7426000000000005e-05,4,4,True,0.99,0.0002000000000000002,0.01005033585350145
belebele-268f8ff02fcd0095__ko_ko,belebele-268f8ff02fcd0095,1,belebele,ko_ko,jev-1.13.0,2026-09-17T01:24:43.246164+00:00,339.93289998034015,672,45,2.8224000000000003e-05,4,4,True,0.98,0.0002000000000000002,0.01005033585350145
belebele-f138fd4e41896922__en_en,belebele-f138fd4e41896922,1,belebele,en_en,jev-1.13.0,2026-09-17T01:24:43.589444+00:00,216.2677000160329,476,45,1.9992e-05,1,1,True,1.0,0.0,-0.0
belebele-f138fd4e41896922__ko_en,belebele-f138fd4e41896922,1,belebele,ko_en,jev-1.13.0,2026-09-17T01:24:43.809214+00:00,187.72099999478087,570,45,2.3940000000000005e-05,1,1,True,1.0,0.0,-0.0
belebele-f138fd4e41896922__ko_ko,belebele-f138fd4e41896922,1,belebele,ko_ko,jev-1.13.0,2026-09-17T01:24:44.000464+00:00,230.18109999247827,589,45,2.4738000000000003e-05,1,1,True,1.0,0.0,-0.0
belebele-8954d4b5f0d0603e__en_en,belebele-8954d4b5f0d0603e,1,belebele,en_en,jev-1.13.0,2026-09-17T01:24:44.234366+00:00,244.50190001516603,606,45,2.5452000000000003e-05,2,2,True,1.0,0.0,-0.0
belebele-8954d4b5f0d0603e__ko_en,belebele-8954d4b5f0d0603e,1,belebele,ko_en,jev-1.13.0,2026-09-17T01:24:44.482448+00:00,236.9505999959074,719,45,3.0198000000000005e-05,2,2,True,1.0,0.0,-0.0
belebele-8954d4b5f0d0603e__ko_ko,belebele-8954d4b5f0d0603e,1,belebele,ko_ko,jev-1.13.0,2026-09-17T01:24:44.722947+00:00,178.05489999591373,738,45,3.0996000000000006e-05,2,2,True,0.99,0.0,-0.0
belebele-f631bcd3a3ecc7b1__en_en,belebele-f631bcd3a3ecc7b1,1,belebele,en_en,jev-1.13.0,2026-09-17T01:24:44.904850+00:00,191.29309998243116,563,45,2.3646000000000004e-05,3,3,True,1.0,0.0,-0.0
belebele-f631bcd3a3ecc7b1__ko_en,belebele-f631bcd3a3ecc7b1,1,belebele,ko_en,jev-1.13.0,2026-09-17T01:24:45.099482+00:00,198.57970002340153,682,45,2.8644000000000002e-05,3,3,True,0.94,0.0036000000000000042,0.05129329438755058
belebele-f631bcd3a3ecc7b1__ko_ko,belebele-f631bcd3a3ecc7b1,1,belebele,ko_ko,jev-1.13.0,2026-09-17T01:24:45.301157+00:00,201.20769998175092,701,45,2.9442000000000004e-05,3,3,True,0.93,0.0036000000000000042,0.05129329438755058
belebele-7842254d1e037422__en_en,belebele-7842254d1e037422,1,belebele,en_en,jev-1.13.0,2026-09-17T01:24:45.506065+00:00,226.31019999971613,482,45,2.0244e-05,2,2,True,1.0,0.0,-0.0
belebele-7842254d1e037422__ko_en,belebele-7842254d1e037422,1,belebele,ko_en,jev-1.13.0,2026-09-17T01:24:45.736316+00:00,204.46229999652132,572,45,2.4024000000000002e-05,2,2,True,0.99,0.0002000000000000002,0.01005033585350145
belebele-7842254d1e037422__ko_ko,belebele-7842254d1e037422,1,belebele,ko_ko,jev-1.13.0,2026-09-17T01:24:45.944522+00:00,244.47200002032332,591,45,2.4822000000000004e-05,2,2,True,0.97,0.0008000000000000008,0.020202707317519466
belebele-07c26727f23cff4e__en_en,belebele-07c26727f23cff4e,1,belebele,en_en,jev-1.13.0,2026-09-17T01:24:46.193573+00:00,256.14839998888783,518,45,2.1756000000000003e-05,1,1,True,1.0,0.0,-0.0
belebele-07c26727f23cff4e__ko_en,belebele-07c26727f23cff4e,1,belebele,ko_en,jev-1.13.0,2026-09-17T01:24:46.453174+00:00,221.35140001773834,611,45,2.5662000000000003e-05,1,1,True,1.0,0.0,-0.0
belebele-07c26727f23cff4e__ko_ko,belebele-07c26727f23cff4e,1,belebele,ko_ko,jev-1.13.0,2026-09-17T01:24:46.677984+00:00,220.80349997850135,630,45,2.6460000000000004e-05,1,1,True,1.0,0.0,-0.0
belebele-6dfbb487f546feb3__en_en,belebele-6dfbb487f546feb3,1,belebele,en_en,jev-1.13.0,2026-09-17T01:24:46.902453+00:00,220.892500015907,474,45,1.9908000000000003e-05,1,1,True,0.97,0.0008000000000000008,0.020202707317519466
belebele-6dfbb487f546feb3__ko_en,belebele-6dfbb487f546feb3,1,belebele,ko_en,jev-1.13.0,2026-09-17T01:24:47.127280+00:00,224.16090001934208,543,45,2.2806e-05,1,1,True,0.88,0.012799999999999994,0.08338160893905101
belebele-6dfbb487f546feb3__ko_ko,belebele-6dfbb487f546feb3,1,belebele,ko_ko,jev-1.13.0,2026-09-17T01:24:47.355116+00:00,224.30130001157522,562,45,2.3604000000000003e-05,1,1,True,0.82,0.033800000000000004,0.13926206733350766
belebele-f0b7aadb4f3e56ed__en_en,belebele-f0b7aadb4f3e56ed,1,belebele,en_en,jev-1.13.0,2026-09-17T01:24:47.583242+00:00,202.7376999903936,519,45,2.1798000000000004e-05,1,1,True,1.0,0.0,-0.0
belebele-f0b7aadb4f3e56ed__ko_en,belebele-f0b7aadb4f3e56ed,1,belebele,ko_en,jev-1.13.0,2026-09-17T01:24:47.789495+00:00,201.73569998587482,608,45,2.5536000000000004e-05,1,4,False,0.56,1.3954,2.8134107167600364
belebele-f0b7aadb4f3e56ed__ko_ko,belebele-f0b7aadb4f3e56ed,1,belebele,ko_ko,jev-1.13.0,2026-09-17T01:24:47.994890+00:00,195.32040000194684,627,45,2.6334000000000002e-05,1,4,False,0.45,1.1666,2.0402208285265546
belebele-a171a23d2252844e__en_en,belebele-a171a23d2252844e,1,belebele,en_en,jev-1.13.0,2026-09-17T01:24:48.194158+00:00,212.7840000030119,526,45,2.2092e-05,4,4,True,1.0,0.0,-0.0
belebele-a171a23d2252844e__ko_en,belebele-a171a23d2252844e,1,belebele,ko_en,jev-1.13.0,2026-09-17T01:24:48.410206+00:00,240.63119999482296,638,45,2.6796000000000002e-05,4,4,True,1.0,0.0,-0.0
belebele-a171a23d2252844e__ko_ko,belebele-a171a23d2252844e,1,belebele,ko_ko,jev-1.13.0,2026-09-17T01:24:48.654116+00:00,220.875699975295,657,45,2.7594000000000004e-05,4,4,True,1.0,0.0,-0.0
belebele-94f4507676413f7f__en_en,belebele-94f4507676413f7f,1,belebele,en_en,jev-1.13.0,2026-09-17T01:24:48.878084+00:00,202.86920000216924,544,45,2.2848000000000002e-05,3,3,True,1.0,0.0,-0.0
belebele-94f4507676413f7f__ko_en,belebele-94f4507676413f7f,1,belebele,ko_en,jev-1.13.0,2026-09-17T01:24:49.084687+00:00,256.5160999947693,646,45,2.7132000000000004e-05,3,3,True,1.0,0.0,-0.0
belebele-94f4507676413f7f__ko_ko,belebele-94f4507676413f7f,1,belebele,ko_ko,jev-1.13.0,2026-09-17T01:24:49.344707+00:00,196.53300000936724,665,45,2.7930000000000005e-05,3,3,True,1.0,0.0,-0.0
belebele-b3beecef4a05fd43__en_en,belebele-b3beecef4a05fd43,1,belebele,en_en,jev-1.13.0,2026-09-17T01:24:49.544797+00:00,204.59269999992102,497,45,2.0874000000000004e-05,3,3,True,1.0,0.0,-0.0
belebele-b3beecef4a05fd43__ko_en,belebele-b3beecef4a05fd43,1,belebele,ko_en,jev-1.13.0,2026-09-17T01:24:49.753013+00:00,201.9243000249844,591,45,2.4822000000000004e-05,3,3,True,0.98,0.0006000000000000007,0.020202707317519466
belebele-b3beecef4a05fd43__ko_ko,belebele-b3beecef4a05fd43,1,belebele,ko_ko,jev-1.13.0,2026-09-17T01:24:49.958563+00:00,198.69020002079196,610,45,2.5620000000000002e-05,3,3,True,0.98,0.0006000000000000007,0.020202707317519466
belebele-a47f0182f31aae80__en_en,belebele-a47f0182f31aae80,1,belebele,en_en,jev-1.13.0,2026-09-17T01:24:50.161262+00:00,193.33489998825826,509,45,2.1378000000000004e-05,4,4,True,1.0,0.0,-0.0
belebele-a47f0182f31aae80__ko_en,belebele-a47f0182f31aae80,1,belebele,ko_en,jev-1.13.0,2026-09-17T01:24:50.357636+00:00,251.7183999880217,592,45,2.4864000000000005e-05,4,4,True,0.82,0.026400000000000003,0.15082288973458366
belebele-a47f0182f31aae80__ko_ko,belebele-a47f0182f31aae80,1,belebele,ko_ko,jev-1.13.0,2026-09-17T01:24:50.613095+00:00,184.69640001421794,611,45,2.5662000000000003e-05,4,4,True,0.77,0.040200000000000014,0.18632957819149348
belebele-9f24e2add5cdf4a5__en_en,belebele-9f24e2add5cdf4a5,1,belebele,en_en,jev-1.13.0,2026-09-17T01:24:50.801392+00:00,219.62489999714307,459,45,1.9278000000000004e-05,3,3,True,0.99,0.0,-0.0
belebele-9f24e2add5cdf4a5__ko_en,belebele-9f24e2add5cdf4a5,1,belebele,ko_en,jev-1.13.0,2026-09-17T01:24:51.024740+00:00,177.66240000491962,524,45,2.2008000000000003e-05,3,3,True,0.94,0.003200000000000003,0.040821994520255166
belebele-9f24e2add5cdf4a5__ko_ko,belebele-9f24e2add5cdf4a5,1,belebele,ko_ko,jev-1.13.0,2026-09-17T01:24:51.206160+00:00,263.8287999725435,543,45,2.2806e-05,3,3,True,0.86,0.0242,0.11653381625595151
belebele-2e65eb49b6e12c8d__en_en,belebele-2e65eb49b6e12c8d,1,belebele,en_en,jev-1.13.0,2026-09-17T01:24:51.474289+00:00,197.9869999922812,473,45,1.9866000000000003e-05,2,2,True,1.0,0.0,-0.0
belebele-2e65eb49b6e12c8d__ko_en,belebele-2e65eb49b6e12c8d,1,belebele,ko_en,jev-1.13.0,2026-09-17T01:24:51.675487+00:00,219.76820001145825,525,45,2.2050000000000004e-05,2,2,True,1.0,0.0,-0.0
belebele-2e65eb49b6e12c8d__ko_ko,belebele-2e65eb49b6e12c8d,1,belebele,ko_ko,jev-1.13.0,2026-09-17T01:24:51.898751+00:00,223.66730001522228,544,45,2.2848000000000002e-05,2,2,True,1.0,0.0,-0.0
belebele-96c2b9a1d8f2cfe4__en_en,belebele-96c2b9a1d8f2cfe4,1,belebele,en_en,jev-1.13.0,2026-09-17T01:24:52.126081+00:00,199.80639999266714,495,45,2.0790000000000003e-05,3,3,True,1.0,0.0,-0.0
belebele-96c2b9a1d8f2cfe4__ko_en,belebele-96c2b9a1d8f2cfe4,1,belebele,ko_en,jev-1.13.0,2026-09-17T01:24:52.329544+00:00,212.47199998470023,589,45,2.4738000000000003e-05,3,3,True,0.95,0.0018000000000000017,0.030459207484708574
belebele-96c2b9a1d8f2cfe4__ko_ko,belebele-96c2b9a1d8f2cfe4,1,belebele,ko_ko,jev-1.13.0,2026-09-17T01:24:52.545671+00:00,193.10140001471154,608,45,2.5536000000000004e-05,3,3,True,0.95,0.002600000000000003,0.040821994520255166
belebele-f471b61b75e8cb4d__en_en,belebele-f471b61b75e8cb4d,1,belebele,en_en,jev-1.13.0,2026-09-17T01:24:52.742779+00:00,239.079999999376,524,45,2.2008000000000003e-05,4,4,True,0.66,0.125,0.2876820724517809
belebele-f471b61b75e8cb4d__ko_en,belebele-f471b61b75e8cb4d,1,belebele,ko_en,jev-1.13.0,2026-09-17T01:24:52.984784+00:00,242.0253999880515,614,45,2.5788000000000004e-05,4,4,True,0.58,0.19260000000000005,0.3856624808119848
belebele-f471b61b75e8cb4d__ko_ko,belebele-f471b61b75e8cb4d,1,belebele,ko_ko,jev-1.13.0,2026-09-17T01:24:53.230807+00:00,215.66109999548644,633,45,2.6586000000000003e-05,4,4,True,0.64,0.14620000000000002,0.3285040669720361
belebele-7d0c56530685e1e1__en_en,belebele-7d0c56530685e1e1,1,belebele,en_en,jev-1.13.0,2026-09-17T01:24:53.449792+00:00,204.56169999670237,475,45,1.9950000000000004e-05,3,3,True,1.0,0.0,-0.0
belebele-7d0c56530685e1e1__ko_en,belebele-7d0c56530685e1e1,1,belebele,ko_en,jev-1.13.0,2026-09-17T01:24:53.658133+00:00,227.1245000010822,541,45,2.2722000000000004e-05,3,3,True,1.0,0.0,-0.0
belebele-7d0c56530685e1e1__ko_ko,belebele-7d0c56530685e1e1,1,belebele,ko_ko,jev-1.13.0,2026-09-17T01:24:53.888819+00:00,274.81709999847226,560,45,2.3520000000000002e-05,3,3,True,1.0,0.0,-0.0
belebele-bb42edc717241afa__en_en,belebele-bb42edc717241afa,1,belebele,en_en,jev-1.13.0,2026-09-17T01:24:54.167251+00:00,186.9285000138916,485,45,2.0370000000000003e-05,1,4,False,0.56,1.0136,1.3470736479666092
belebele-bb42edc717241afa__ko_en,belebele-bb42edc717241afa,1,belebele,ko_en,jev-1.13.0,2026-09-17T01:24:54.357480+00:00,202.65599997946993,536,45,2.2512000000000004e-05,1,2,False,0.43,0.8605999999999999,1.2729656758128873
belebele-bb42edc717241afa__ko_ko,belebele-bb42edc717241afa,1,belebele,ko_ko,jev-1.13.0,2026-09-17T01:24:54.564014+00:00,231.20119998930022,555,45,2.3310000000000002e-05,1,2,False,0.42,0.7864,1.1394342831883648
belebele-064e684d30c94efa__en_en,belebele-064e684d30c94efa,1,belebele,en_en,jev-1.13.0,2026-09-17T01:24:54.798659+00:00,228.18659999757074,474,45,1.9908000000000003e-05,1,1,True,0.83,0.0238,0.13926206733350766
belebele-064e684d30c94efa__ko_en,belebele-064e684d30c94efa,1,belebele,ko_en,jev-1.13.0,2026-09-17T01:24:55.030607+00:00,216.9780999829527,546,45,2.2932000000000003e-05,1,1,True,0.93,0.0036000000000000042,0.05129329438755058
belebele-064e684d30c94efa__ko_ko,belebele-064e684d30c94efa,1,belebele,ko_ko,jev-1.13.0,2026-09-17T01:24:55.251295+00:00,243.4798000031151,565,45,2.373e-05,1,1,True,0.87,0.012199999999999994,0.09431067947124129
belebele-0d2f31d39e3eaf93__en_en,belebele-0d2f31d39e3eaf93,1,belebele,en_en,jev-1.13.0,2026-09-17T01:24:55.498492+00:00,226.99789999751374,500,45,2.1000000000000002e-05,2,2,True,1.0,0.0,-0.0
belebele-0d2f31d39e3eaf93__ko_en,belebele-0d2f31d39e3eaf93,1,belebele,ko_en,jev-1.13.0,2026-09-17T01:24:55.728890+00:00,278.1787999847438,622,45,2.6124000000000003e-05,2,2,True,0.9,0.010399999999999993,0.08338160893905101
belebele-0d2f31d39e3eaf93__ko_ko,belebele-0d2f31d39e3eaf93,1,belebele,ko_ko,jev-1.13.0,2026-09-17T01:24:56.010733+00:00,206.96630000020377,641,45,2.6922000000000004e-05,2,2,True,0.91,0.007799999999999994,0.07257069283483537
belebele-0cd068b86f6174c5__en_en,belebele-0cd068b86f6174c5,1,belebele,en_en,jev-1.13.0,2026-09-17T01:24:56.221290+00:00,187.0659000123851,510,45,2.142e-05,4,4,True,1.0,0.0,-0.0
belebele-0cd068b86f6174c5__ko_en,belebele-0cd068b86f6174c5,1,belebele,ko_en,jev-1.13.0,2026-09-17T01:24:56.412542+00:00,217.3344999901019,596,45,2.5032000000000004e-05,4,4,True,0.99,0.0,-0.0
belebele-0cd068b86f6174c5__ko_ko,belebele-0cd068b86f6174c5,1,belebele,ko_ko,jev-1.13.0,2026-09-17T01:24:56.633596+00:00,222.52549999393523,615,45,2.5830000000000002e-05,4,4,True,0.99,0.0,-0.0
belebele-8baa019b4c2b1499__en_en,belebele-8baa019b4c2b1499,1,belebele,en_en,jev-1.13.0,2026-09-17T01:24:56.859830+00:00,207.77800001087599,509,45,2.1378000000000004e-05,1,1,True,1.0,0.0,-0.0
belebele-8baa019b4c2b1499__ko_en,belebele-8baa019b4c2b1499,1,belebele,ko_en,jev-1.13.0,2026-09-17T01:24:57.070583+00:00,221.59020000253804,599,45,2.5158000000000002e-05,1,1,True,0.9,0.010199999999999994,0.08338160893905101
belebele-8baa019b4c2b1499__ko_ko,belebele-8baa019b4c2b1499,1,belebele,ko_ko,jev-1.13.0,2026-09-17T01:24:57.295696+00:00,186.94389998563565,618,45,2.5956000000000004e-05,1,1,True,0.88,0.013199999999999995,0.09431067947124129
belebele-beb5990bcb2eeb15__en_en,belebele-beb5990bcb2eeb15,1,belebele,en_en,jev-1.13.0,2026-09-17T01:24:57.486750+00:00,227.09619998931885,485,45,2.0370000000000003e-05,4,4,True,1.0,0.0,-0.0
belebele-beb5990bcb2eeb15__ko_en,belebele-beb5990bcb2eeb15,1,belebele,ko_en,jev-1.13.0,2026-09-17T01:24:57.717695+00:00,185.98670000210404,595,45,2.4990000000000003e-05,4,4,True,1.0,0.0,-0.0
belebele-beb5990bcb2eeb15__ko_ko,belebele-beb5990bcb2eeb15,1,belebele,ko_ko,jev-1.13.0,2026-09-17T01:24:57.907393+00:00,226.40379998483695,614,45,2.5788000000000004e-05,4,4,True,1.0,0.0,-0.0
belebele-f41af92c1a95eb58__en_en,belebele-f41af92c1a95eb58,1,belebele,en_en,jev-1.13.0,2026-09-17T01:24:58.136849+00:00,191.50519999675453,466,45,1.9572e-05,1,1,True,1.0,0.0,-0.0
belebele-f41af92c1a95eb58__ko_en,belebele-f41af92c1a95eb58,1,belebele,ko_en,jev-1.13.0,2026-09-17T01:24:58.331615+00:00,268.7177000043448,555,45,2.3310000000000002e-05,1,1,True,1.0,0.0,-0.0
belebele-f41af92c1a95eb58__ko_ko,belebele-f41af92c1a95eb58,1,belebele,ko_ko,jev-1.13.0,2026-09-17T01:24:58.604000+00:00,220.77529999660328,574,45,2.4108000000000004e-05,1,1,True,1.0,0.0,-0.0
belebele-bdc4d7715852eea6__en_en,belebele-bdc4d7715852eea6,1,belebele,en_en,jev-1.13.0,2026-09-17T01:24:58.828201+00:00,229.60580000653863,518,45,2.1756000000000003e-05,4,4,True,1.0,0.0,-0.0
belebele-bdc4d7715852eea6__ko_en,belebele-bdc4d7715852eea6,1,belebele,ko_en,jev-1.13.0,2026-09-17T01:24:59.061073+00:00,195.57710000663064,623,45,2.6166000000000003e-05,4,4,True,1.0,0.0,-0.0
belebele-bdc4d7715852eea6__ko_ko,belebele-bdc4d7715852eea6,1,belebele,ko_ko,jev-1.13.0,2026-09-17T01:24:59.259905+00:00,196.87230000272393,642,45,2.6964000000000005e-05,4,4,True,1.0,0.0,-0.0
belebele-9e24d4d62ac28271__en_en,belebele-9e24d4d62ac28271,1,belebele,en_en,jev-1.13.0,2026-09-17T01:24:59.460127+00:00,204.3155999854207,520,45,2.1840000000000004e-05,4,4,True,0.99,0.0,-0.0
belebele-9e24d4d62ac28271__ko_en,belebele-9e24d4d62ac28271,1,belebele,ko_en,jev-1.13.0,2026-09-17T01:24:59.668123+00:00,193.60820000292733,640,45,2.6880000000000004e-05,4,4,True,0.99,0.0,-0.0
belebele-9e24d4d62ac28271__ko_ko,belebele-9e24d4d62ac28271,1,belebele,ko_ko,jev-1.13.0,2026-09-17T01:24:59.864962+00:00,220.67710000555962,659,45,2.7678000000000005e-05,4,4,True,1.0,0.0,-0.0
belebele-1b27306621869db4__en_en,belebele-1b27306621869db4,1,belebele,en_en,jev-1.13.0,2026-09-17T01:25:00.088972+00:00,181.65489999228157,536,45,2.2512000000000004e-05,3,3,True,1.0,0.0,-0.0
belebele-1b27306621869db4__ko_en,belebele-1b27306621869db4,1,belebele,ko_en,jev-1.13.0,2026-09-17T01:25:00.273656+00:00,184.3075999931898,641,45,2.6922000000000004e-05,3,3,True,0.91,0.006599999999999993,0.07257069283483537
belebele-1b27306621869db4__ko_ko,belebele-1b27306621869db4,1,belebele,ko_ko,jev-1.13.0,2026-09-17T01:25:00.461240+00:00,195.549399999436,660,45,2.7720000000000002e-05,3,3,True,0.87,0.013799999999999996,0.10536051565782628
belebele-f4f688fee8e3cda7__en_en,belebele-f4f688fee8e3cda7,1,belebele,en_en,jev-1.13.0,2026-09-17T01:25:00.659847+00:00,214.52739997766912,515,45,2.163e-05,2,2,True,1.0,0.0,-0.0
belebele-f4f688fee8e3cda7__ko_en,belebele-f4f688fee8e3cda7,1,belebele,ko_en,jev-1.13.0,2026-09-17T01:25:00.877313+00:00,216.8967000034172,588,45,2.4696000000000002e-05,2,2,True,1.0,0.0,-0.0
belebele-f4f688fee8e3cda7__ko_ko,belebele-f4f688fee8e3cda7,1,belebele,ko_ko,jev-1.13.0,2026-09-17T01:25:01.097937+00:00,199.50689998222515,607,45,2.5494000000000004e-05,2,2,True,1.0,0.0,-0.0
belebele-8a05a76b0ec1af51__en_en,belebele-8a05a76b0ec1af51,1,belebele,en_en,jev-1.13.0,2026-09-17T01:25:01.300867+00:00,175.41090000304393,521,45,2.1882e-05,2,2,True,1.0,0.0,-0.0
belebele-8a05a76b0ec1af51__ko_en,belebele-8a05a76b0ec1af51,1,belebele,ko_en,jev-1.13.0,2026-09-17T01:25:01.479843+00:00,239.61409999174066,616,45,2.5872000000000002e-05,2,2,True,0.95,0.002600000000000003,0.040821994520255166
belebele-8a05a76b0ec1af51__ko_ko,belebele-8a05a76b0ec1af51,1,belebele,ko_ko,jev-1.13.0,2026-09-17T01:25:01.722972+00:00,240.72590001742356,635,45,2.6670000000000004e-05,2,2,True,0.94,0.0036000000000000042,0.05129329438755058
belebele-017b3237489b5604__en_en,belebele-017b3237489b5604,1,belebele,en_en,jev-1.13.0,2026-09-17T01:25:01.966898+00:00,252.35450000036508,515,45,2.163e-05,3,3,True,1.0,0.0,-0.0
belebele-017b3237489b5604__ko_en,belebele-017b3237489b5604,1,belebele,ko_en,jev-1.13.0,2026-09-17T01:25:02.222795+00:00,235.300800006371,604,45,2.5368000000000002e-05,3,3,True,1.0,0.0,-0.0
belebele-017b3237489b5604__ko_ko,belebele-017b3237489b5604,1,belebele,ko_ko,jev-1.13.0,2026-09-17T01:25:02.461128+00:00,184.0395999897737,623,45,2.6166000000000003e-05,3,3,True,1.0,0.0,-0.0
belebele-908e87af4a9bd1d6__en_en,belebele-908e87af4a9bd1d6,1,belebele,en_en,jev-1.13.0,2026-09-17T01:25:02.648706+00:00,222.11989999050274,448,45,1.8816000000000004e-05,1,1,True,1.0,0.0,-0.0
belebele-908e87af4a9bd1d6__ko_en,belebele-908e87af4a9bd1d6,1,belebele,ko_en,jev-1.13.0,2026-09-17T01:25:02.874527+00:00,198.66100000217557,505,45,2.1210000000000002e-05,1,1,True,1.0,0.0,-0.0
belebele-908e87af4a9bd1d6__ko_ko,belebele-908e87af4a9bd1d6,1,belebele,ko_ko,jev-1.13.0,2026-09-17T01:25:03.076766+00:00,231.15530001814477,524,45,2.2008000000000003e-05,1,1,True,1.0,0.0,-0.0
belebele-e007f848ed4a6af5__en_en,belebele-e007f848ed4a6af5,1,belebele,en_en,jev-1.13.0,2026-09-17T01:25:03.311263+00:00,188.98469998384826,551,45,2.3142000000000003e-05,3,3,True,1.0,0.0,-0.0
belebele-e007f848ed4a6af5__ko_en,belebele-e007f848ed4a6af5,1,belebele,ko_en,jev-1.13.0,2026-09-17T01:25:03.504016+00:00,202.9525000252761,626,45,2.6292000000000005e-05,3,3,True,0.99,0.0002000000000000002,0.01005033585350145
belebele-e007f848ed4a6af5__ko_ko,belebele-e007f848ed4a6af5,1,belebele,ko_ko,jev-1.13.0,2026-09-17T01:25:03.710051+00:00,260.78700000653043,645,45,2.7090000000000003e-05,3,3,True,0.99,0.0002000000000000002,0.01005033585350145
belebele-b52a4889cc98e6d3__en_en,belebele-b52a4889cc98e6d3,1,belebele,en_en,jev-1.13.0,2026-09-17T01:25:03.974535+00:00,191.35429998277687,468,45,1.9656000000000003e-05,1,1,True,1.0,0.0,-0.0
belebele-b52a4889cc98e6d3__ko_en,belebele-b52a4889cc98e6d3,1,belebele,ko_en,jev-1.13.0,2026-09-17T01:25:04.169625+00:00,211.02570000221021,565,45,2.373e-05,1,1,True,1.0,0.0,-0.0
belebele-b52a4889cc98e6d3__ko_ko,belebele-b52a4889cc98e6d3,1,belebele,ko_ko,jev-1.13.0,2026-09-17T01:25:04.384353+00:00,268.74400000087917,584,45,2.4528000000000003e-05,1,1,True,1.0,0.0,-0.0
pawsx-3774__en_en,pawsx-3774,1,pawsx,en_en,jev-1.13.0,2026-09-17T01:25:05.038191+00:00,190.7035000040196,334,20,1.4028000000000002e-05,0,0,True,0.49,0.0002000000000000002,0.01005033585350145
pawsx-3774__ko_en,pawsx-3774,1,pawsx,ko_en,jev-1.13.0,2026-09-17T01:25:05.232631+00:00,231.48040001979098,368,20,1.5456000000000002e-05,0,0,True,0.48,0.0008000000000000008,0.020202707317519466
pawsx-3774__ko_ko,pawsx-3774,1,pawsx,ko_ko,jev-1.13.0,2026-09-17T01:25:05.467845+00:00,190.4511999746319,381,20,1.6002000000000004e-05,0,0,True,0.48,0.0008000000000000008,0.020202707317519466
pawsx-4148__en_en,pawsx-4148,1,pawsx,en_en,jev-1.13.0,2026-09-17T01:25:05.662112+00:00,469.99810001580045,391,20,1.6422000000000003e-05,0,0,True,0.46,0.003200000000000003,0.040821994520255166
pawsx-4148__ko_en,pawsx-4148,1,pawsx,ko_en,jev-1.13.0,2026-09-17T01:25:06.135708+00:00,187.0696999831125,420,20,1.7640000000000004e-05,0,0,True,0.35,0.045000000000000005,0.16251892949777494
pawsx-4148__ko_ko,pawsx-4148,1,pawsx,ko_ko,jev-1.13.0,2026-09-17T01:25:06.326720+00:00,227.07499997341074,433,20,1.8186000000000002e-05,0,0,True,0.32999999999999996,0.05780000000000002,0.18632957819149348
pawsx-1907__en_en,pawsx-1907,1,pawsx,en_en,jev-1.13.0,2026-09-17T01:25:06.556791+00:00,230.2462000225205,352,20,1.4784000000000003e-05,0,0,True,0.48,0.0008000000000000008,0.020202707317519466
pawsx-1907__ko_en,pawsx-1907,1,pawsx,ko_en,jev-1.13.0,2026-09-17T01:25:06.790642+00:00,198.48190000629984,377,20,1.5834e-05,0,0,True,0.41000000000000003,0.016199999999999992,0.09431067947124129
pawsx-1907__ko_ko,pawsx-1907,1,pawsx,ko_ko,jev-1.13.0,2026-09-17T01:25:06.992465+00:00,205.82240002113394,390,20,1.6380000000000002e-05,0,0,True,0.43,0.00980000000000001,0.0725706928348355
pawsx-4007__en_en,pawsx-4007,1,pawsx,en_en,jev-1.13.0,2026-09-17T01:25:07.201352+00:00,217.83009998034686,348,20,1.4616000000000002e-05,0,0,True,0.48,0.0008000000000000008,0.020202707317519466
pawsx-4007__ko_en,pawsx-4007,1,pawsx,ko_en,jev-1.13.0,2026-09-17T01:25:07.422914+00:00,199.86309998785146,378,20,1.5876000000000002e-05,0,0,True,0.46,0.003200000000000003,0.040821994520255166
pawsx-4007__ko_ko,pawsx-4007,1,pawsx,ko_ko,jev-1.13.0,2026-09-17T01:25:07.626481+00:00,226.3035999785643,391,20,1.6422000000000003e-05,0,0,True,0.45,0.0050000000000000044,0.05129329438755058
pawsx-3289__en_en,pawsx-3289,1,pawsx,en_en,jev-1.13.0,2026-09-17T01:25:07.856386+00:00,240.76710001099855,340,20,1.4280000000000002e-05,0,1,False,0.37,1.5138,2.0402208285265546
pawsx-3289__ko_en,pawsx-3289,1,pawsx,ko_en,jev-1.13.0,2026-09-17T01:25:08.100318+00:00,221.17099998285994,379,20,1.5918000000000002e-05,0,1,False,0.38,1.5488,2.120263536200091
pawsx-3289__ko_ko,pawsx-3289,1,pawsx,ko_ko,jev-1.13.0,2026-09-17T01:25:08.324667+00:00,182.86780000198632,392,20,1.6464000000000004e-05,0,1,False,0.37,1.5138,2.0402208285265546
pawsx-1516__en_en,pawsx-1516,1,pawsx,en_en,jev-1.13.0,2026-09-17T01:25:08.511118+00:00,246.8737000017427,343,20,1.4406000000000002e-05,0,1,False,0.43000000000000005,1.7298000000000002,2.659260036932779
pawsx-1516__ko_en,pawsx-1516,1,pawsx,ko_en,jev-1.13.0,2026-09-17T01:25:08.762021+00:00,203.48600001307204,374,20,1.5708000000000003e-05,0,1,False,0.27,1.1858,1.4696759700589417
pawsx-1516__ko_ko,pawsx-1516,1,pawsx,ko_ko,jev-1.13.0,2026-09-17T01:25:08.969354+00:00,252.7909000054933,387,20,1.6254e-05,0,1,False,0.25,1.125,1.3862943611198906
pawsx-2573__en_en,pawsx-2573,1,pawsx,en_en,jev-1.13.0,2026-09-17T01:25:09.225372+00:00,215.35100002074614,338,20,1.4196000000000003e-05,0,0,True,0.19,0.19220000000000004,0.37106368139083207
pawsx-2573__ko_en,pawsx-2573,1,pawsx,ko_en,jev-1.13.0,2026-09-17T01:25:09.444317+00:00,228.85580000001937,371,20,1.5582e-05,0,0,True,0.15000000000000002,0.24499999999999997,0.4307829160924542
pawsx-2573__ko_ko,pawsx-2573,1,pawsx,ko_ko,jev-1.13.0,2026-09-17T01:25:09.676590+00:00,210.35639999900013,384,20,1.6128000000000002e-05,0,0,True,0.22999999999999998,0.1458,0.31471074483970024
pawsx-4060__en_en,pawsx-4060,1,pawsx,en_en,jev-1.13.0,2026-09-17T01:25:09.891234+00:00,191.45620000199415,348,20,1.4616000000000002e-05,0,0,True,0.44,0.007200000000000007,0.06187540371808753
pawsx-4060__ko_en,pawsx-4060,1,pawsx,ko_en,jev-1.13.0,2026-09-17T01:25:10.086261+00:00,201.5780000074301,381,20,1.6002000000000004e-05,0,0,True,0.35,0.045000000000000005,0.16251892949777494
pawsx-4060__ko_ko,pawsx-4060,1,pawsx,ko_ko,jev-1.13.0,2026-09-17T01:25:10.291558+00:00,236.7874000046868,394,20,1.6548e-05,0,0,True,0.37,0.033800000000000004,0.13926206733350766
pawsx-2354__en_en,pawsx-2354,1,pawsx,en_en,jev-1.13.0,2026-09-17T01:25:10.532327+00:00,188.74219999997877,354,20,1.4868000000000002e-05,0,0,True,0.49,0.0002000000000000002,0.01005033585350145
pawsx-2354__ko_en,pawsx-2354,1,pawsx,ko_en,jev-1.13.0,2026-09-17T01:25:10.724845+00:00,260.2354999980889,393,20,1.6506e-05,0,0,True,0.48,0.0008000000000000008,0.020202707317519466
pawsx-2354__ko_ko,pawsx-2354,1,pawsx,ko_ko,jev-1.13.0,2026-09-17T01:25:10.988797+00:00,230.09739999542944,406,20,1.7052000000000002e-05,0,0,True,0.47,0.0018000000000000017,0.030459207484708574
pawsx-3301__en_en,pawsx-3301,1,pawsx,en_en,jev-1.13.0,2026-09-17T01:25:11.223222+00:00,216.57600000617094,381,20,1.6002000000000004e-05,0,0,True,0.46,0.003200000000000003,0.040821994520255166
pawsx-3301__ko_en,pawsx-3301,1,pawsx,ko_en,jev-1.13.0,2026-09-17T01:25:11.443098+00:00,228.31439998117276,418,20,1.7556000000000003e-05,0,0,True,0.35,0.045000000000000005,0.16251892949777494
pawsx-3301__ko_ko,pawsx-3301,1,pawsx,ko_ko,jev-1.13.0,2026-09-17T01:25:11.674830+00:00,273.7515000044368,431,20,1.8102000000000004e-05,0,0,True,0.38,0.0288,0.12783337150988489
pawsx-6239__en_en,pawsx-6239,1,pawsx,en_en,jev-1.13.0,2026-09-17T01:25:11.952306+00:00,200.46270001330413,354,20,1.4868000000000002e-05,0,0,True,0.46,0.003200000000000003,0.040821994520255166
pawsx-6239__ko_en,pawsx-6239,1,pawsx,ko_en,jev-1.13.0,2026-09-17T01:25:12.156753+00:00,218.93050000653602,393,20,1.6506e-05,0,0,True,0.39,0.0242,0.11653381625595151
pawsx-6239__ko_ko,pawsx-6239,1,pawsx,ko_ko,jev-1.13.0,2026-09-17T01:25:12.378929+00:00,207.13029999751598,406,20,1.7052000000000002e-05,0,0,True,0.4,0.019999999999999997,0.10536051565782628
pawsx-5378__en_en,pawsx-5378,1,pawsx,en_en,jev-1.13.0,2026-09-17T01:25:12.589828+00:00,254.2636999860406,368,20,1.5456000000000002e-05,0,0,True,0.48,0.0008000000000000008,0.020202707317519466
pawsx-5378__ko_en,pawsx-5378,1,pawsx,ko_en,jev-1.13.0,2026-09-17T01:25:12.847320+00:00,227.11020000861026,409,20,1.7178000000000004e-05,0,0,True,0.47,0.0018000000000000017,0.030459207484708574
pawsx-5378__ko_ko,pawsx-5378,1,pawsx,ko_ko,jev-1.13.0,2026-09-17T01:25:13.077522+00:00,218.62790000159293,422,20,1.7724000000000002e-05,0,0,True,0.47,0.0018000000000000017,0.030459207484708574
pawsx-6704__en_en,pawsx-6704,1,pawsx,en_en,jev-1.13.0,2026-09-17T01:25:13.299312+00:00,247.6631999888923,362,20,1.5204000000000002e-05,0,0,True,0.010000000000000009,0.48019999999999996,0.6733445532637656
pawsx-6704__ko_en,pawsx-6704,1,pawsx,ko_en,jev-1.13.0,2026-09-17T01:25:13.550591+00:00,230.11119998409413,394,20,1.6548e-05,0,0,True,0.29000000000000004,0.08819999999999997,0.23572233352106983
pawsx-6704__ko_ko,pawsx-6704,1,pawsx,ko_ko,jev-1.13.0,2026-09-17T01:25:13.783658+00:00,249.14619998889975,407,20,1.7094000000000003e-05,0,0,True,0.31,0.07219999999999999,0.21072103131565253
pawsx-1855__en_en,pawsx-1855,1,pawsx,en_en,jev-1.13.0,2026-09-17T01:25:14.037083+00:00,233.3546000008937,345,20,1.4490000000000002e-05,0,0,True,0.48,0.0008000000000000008,0.020202707317519466
pawsx-1855__ko_en,pawsx-1855,1,pawsx,ko_en,jev-1.13.0,2026-09-17T01:25:14.274238+00:00,204.10309999715537,352,20,1.4784000000000003e-05,0,0,True,0.44,0.007200000000000007,0.06187540371808753
pawsx-1855__ko_ko,pawsx-1855,1,pawsx,ko_ko,jev-1.13.0,2026-09-17T01:25:14.481740+00:00,230.78469999018125,365,20,1.533e-05,0,0,True,0.45,0.0050000000000000044,0.05129329438755058
pawsx-3964__en_en,pawsx-3964,1,pawsx,en_en,jev-1.13.0,2026-09-17T01:25:14.716214+00:00,235.0049999949988,375,20,1.5750000000000003e-05,0,0,True,0.21999999999999997,0.15680000000000002,0.3285040669720361
pawsx-3964__ko_en,pawsx-3964,1,pawsx,ko_en,jev-1.13.0,2026-09-17T01:25:14.954796+00:00,237.58650000672787,403,20,1.6926000000000004e-05,0,1,False,0.06999999999999995,0.6497999999999999,0.8439700702945289
pawsx-3964__ko_ko,pawsx-3964,1,pawsx,ko_ko,jev-1.13.0,2026-09-17T01:25:15.196273+00:00,185.21689999033697,416,20,1.7472e-05,0,0,True,0.010000000000000009,0.48019999999999996,0.6733445532637656
pawsx-98__en_en,pawsx-98,1,pawsx,en_en,jev-1.13.0,2026-09-17T01:25:15.385047+00:00,180.00670001492836,369,20,1.5498000000000003e-05,0,0,True,0.47,0.0018000000000000017,0.030459207484708574
pawsx-98__ko_en,pawsx-98,1,pawsx,ko_en,jev-1.13.0,2026-09-17T01:25:15.568586+00:00,187.22839999827556,400,20,1.6800000000000002e-05,0,0,True,0.46,0.003200000000000003,0.040821994520255166
pawsx-98__ko_ko,pawsx-98,1,pawsx,ko_ko,jev-1.13.0,2026-09-17T01:25:15.759310+00:00,242.81969998264685,413,20,1.7346000000000003e-05,0,0,True,0.46,0.003200000000000003,0.040821994520255166
pawsx-4379__en_en,pawsx-4379,1,pawsx,en_en,jev-1.13.0,2026-09-17T01:25:16.005145+00:00,206.1577999847941,365,20,1.533e-05,0,0,True,0.49,0.0002000000000000002,0.01005033585350145
pawsx-4379__ko_en,pawsx-4379,1,pawsx,ko_en,jev-1.13.0,2026-09-17T01:25:16.215124+00:00,224.80960001121275,387,20,1.6254e-05,0,1,False,0.040000000000000036,0.5832,0.7765287894989964
pawsx-4379__ko_ko,pawsx-4379,1,pawsx,ko_ko,jev-1.13.0,2026-09-17T01:25:16.443171+00:00,262.8320000076201,400,20,1.6800000000000002e-05,0,1,False,0.050000000000000044,0.6050000000000001,0.7985076962177717
pawsx-7441__en_en,pawsx-7441,1,pawsx,en_en,jev-1.13.0,2026-09-17T01:25:16.709692+00:00,216.55569999711588,367,20,1.5414000000000002e-05,0,0,True,0.45,0.0050000000000000044,0.05129329438755058
pawsx-7441__ko_en,pawsx-7441,1,pawsx,ko_en,jev-1.13.0,2026-09-17T01:25:16.930050+00:00,196.90099998842925,401,20,1.6842000000000002e-05,0,0,True,0.31,0.07219999999999999,0.21072103131565253
pawsx-7441__ko_ko,pawsx-7441,1,pawsx,ko_ko,jev-1.13.0,2026-09-17T01:25:17.130486+00:00,223.77849998883903,414,20,1.7388000000000004e-05,0,0,True,0.32999999999999996,0.05780000000000002,0.18632957819149348
pawsx-6400__en_en,pawsx-6400,1,pawsx,en_en,jev-1.13.0,2026-09-17T01:25:17.357769+00:00,209.96129998820834,351,20,1.4742000000000002e-05,0,0,True,0.48,0.0008000000000000008,0.020202707317519466
pawsx-6400__ko_en,pawsx-6400,1,pawsx,ko_en,jev-1.13.0,2026-09-17T01:25:17.570854+00:00,209.21160001307726,394,20,1.6548e-05,0,0,True,0.47,0.0018000000000000017,0.030459207484708574
pawsx-6400__ko_ko,pawsx-6400,1,pawsx,ko_ko,jev-1.13.0,2026-09-17T01:25:17.783632+00:00,186.48800000664778,407,20,1.7094000000000003e-05,0,0,True,0.47,0.0018000000000000017,0.030459207484708574
pawsx-4800__en_en,pawsx-4800,1,pawsx,en_en,jev-1.13.0,2026-09-17T01:25:17.973690+00:00,467.66310001839884,378,20,1.5876000000000002e-05,0,0,True,0.48,0.0008000000000000008,0.020202707317519466
pawsx-4800__ko_en,pawsx-4800,1,pawsx,ko_en,jev-1.13.0,2026-09-17T01:25:18.444808+00:00,245.89940000441857,421,20,1.7682e-05,0,0,True,0.48,0.0008000000000000008,0.020202707317519466
pawsx-4800__ko_ko,pawsx-4800,1,pawsx,ko_ko,jev-1.13.0,2026-09-17T01:25:18.694336+00:00,269.76789999753237,434,20,1.8228000000000002e-05,0,0,True,0.48,0.0008000000000000008,0.020202707317519466
pawsx-956__en_en,pawsx-956,1,pawsx,en_en,jev-1.13.0,2026-09-17T01:25:18.967719+00:00,207.3450000025332,358,20,1.5036000000000001e-05,0,0,True,0.22999999999999998,0.1458,0.31471074483970024
pawsx-956__ko_en,pawsx-956,1,pawsx,ko_en,jev-1.13.0,2026-09-17T01:25:19.178979+00:00,200.92430000659078,398,20,1.6716e-05,0,0,True,0.16999999999999998,0.21780000000000005,0.4004775665971254
pawsx-956__ko_ko,pawsx-956,1,pawsx,ko_ko,jev-1.13.0,2026-09-17T01:25:19.384319+00:00,205.27859998401254,411,20,1.7262000000000002e-05,0,0,True,0.21000000000000002,0.16820000000000002,0.342490308946776
pawsx-3888__en_en,pawsx-3888,1,pawsx,en_en,jev-1.13.0,2026-09-17T01:25:19.592700+00:00,326.40140000148676,345,20,1.4490000000000002e-05,0,0,True,0.47,0.0018000000000000017,0.030459207484708574
pawsx-3888__ko_en,pawsx-3888,1,pawsx,ko_en,jev-1.13.0,2026-09-17T01:25:19.922094+00:00,195.69229998160154,371,20,1.5582e-05,0,0,True,0.32,0.06479999999999997,0.19845093872383818
pawsx-3888__ko_ko,pawsx-3888,1,pawsx,ko_ko,jev-1.13.0,2026-09-17T01:25:20.121103+00:00,223.10890001244843,384,20,1.6128000000000002e-05,0,0,True,0.32,0.06479999999999997,0.19845093872383818
pawsx-335__en_en,pawsx-335,1,pawsx,en_en,jev-1.13.0,2026-09-17T01:25:20.347332+00:00,248.010700015584,351,20,1.4742000000000002e-05,0,0,True,0.49,0.0002000000000000002,0.01005033585350145
pawsx-335__ko_en,pawsx-335,1,pawsx,ko_en,jev-1.13.0,2026-09-17T01:25:20.598686+00:00,230.76480001327582,382,20,1.6044e-05,0,0,True,0.48,0.0008000000000000008,0.020202707317519466
pawsx-335__ko_ko,pawsx-335,1,pawsx,ko_ko,jev-1.13.0,2026-09-17T01:25:20.832704+00:00,276.84939999016933,395,20,1.6590000000000002e-05,0,0,True,0.47,0.0018000000000000017,0.030459207484708574
pawsx-6628__en_en,pawsx-6628,1,pawsx,en_en,jev-1.13.0,2026-09-17T01:25:21.112959+00:00,214.7936999972444,353,20,1.4826000000000002e-05,0,0,True,0.47,0.0018000000000000017,0.030459207484708574
pawsx-6628__ko_en,pawsx-6628,1,pawsx,ko_en,jev-1.13.0,2026-09-17T01:25:21.330791+00:00,301.718400005484,408,20,1.7136000000000003e-05,0,0,True,0.44,0.007200000000000007,0.06187540371808753
pawsx-6628__ko_ko,pawsx-6628,1,pawsx,ko_ko,jev-1.13.0,2026-09-17T01:25:21.635612+00:00,203.46749998861924,421,20,1.7682e-05,0,0,True,0.44,0.007200000000000007,0.06187540371808753
pawsx-7821__en_en,pawsx-7821,1,pawsx,en_en,jev-1.13.0,2026-09-17T01:25:21.842723+00:00,250.09799998952076,366,20,1.5372e-05,0,1,False,0.33999999999999997,1.4111999999999998,1.83258146374831
pawsx-7821__ko_en,pawsx-7821,1,pawsx,ko_en,jev-1.13.0,2026-09-17T01:25:22.096057+00:00,198.12380001530983,431,20,1.8102000000000004e-05,0,1,False,0.20999999999999996,1.0082,1.2378743560016172
pawsx-7821__ko_ko,pawsx-7821,1,pawsx,ko_ko,jev-1.13.0,2026-09-17T01:25:22.297244+00:00,224.25830000429414,444,20,1.8648000000000002e-05,0,1,False,0.18999999999999995,0.9521999999999998,1.1711829815029449
pawsx-5702__en_en,pawsx-5702,1,pawsx,en_en,jev-1.13.0,2026-09-17T01:25:22.524495+00:00,208.71800000895746,353,20,1.4826000000000002e-05,0,0,True,0.16999999999999998,0.21780000000000005,0.4004775665971254
pawsx-5702__ko_en,pawsx-5702,1,pawsx,ko_en,jev-1.13.0,2026-09-17T01:25:22.736612+00:00,258.45559997833334,408,20,1.7136000000000003e-05,0,1,False,0.20999999999999996,1.0082,1.2378743560016172
pawsx-5702__ko_ko,pawsx-5702,1,pawsx,ko_ko,jev-1.13.0,2026-09-17T01:25:22.998440+00:00,213.16099999239668,421,20,1.7682e-05,0,1,False,0.16000000000000003,0.8712000000000001,1.07880966137193
pawsx-1491__en_en,pawsx-1491,1,pawsx,en_en,jev-1.13.0,2026-09-17T01:25:23.215327+00:00,284.63869998813607,384,20,1.6128000000000002e-05,0,0,True,0.47,0.0018000000000000017,0.030459207484708574
pawsx-1491__ko_en,pawsx-1491,1,pawsx,ko_en,jev-1.13.0,2026-09-17T01:25:23.503591+00:00,201.31669999682344,421,20,1.7682e-05,0,0,True,0.47,0.0018000000000000017,0.030459207484708574
pawsx-1491__ko_ko,pawsx-1491,1,pawsx,ko_ko,jev-1.13.0,2026-09-17T01:25:23.708700+00:00,217.0089999854099,434,20,1.8228000000000002e-05,0,0,True,0.46,0.003200000000000003,0.040821994520255166
pawsx-209__en_en,pawsx-209,1,pawsx,en_en,jev-1.13.0,2026-09-17T01:25:23.929451+00:00,204.09069999004714,349,20,1.4658000000000003e-05,0,1,False,0.18999999999999995,0.9521999999999998,1.1711829815029449
pawsx-209__ko_en,pawsx-209,1,pawsx,ko_en,jev-1.13.0,2026-09-17T01:25:24.137011+00:00,234.11879999912344,361,20,1.5162000000000002e-05,0,1,False,0.32999999999999996,1.3778,1.771956841931875
pawsx-209__ko_ko,pawsx-209,1,pawsx,ko_ko,jev-1.13.0,2026-09-17T01:25:24.374791+00:00,252.49709998024628,374,20,1.5708000000000003e-05,0,1,False,0.27,1.1858,1.4696759700589417
pawsx-230__en_en,pawsx-230,1,pawsx,en_en,jev-1.13.0,2026-09-17T01:25:24.631072+00:00,228.22540000197478,362,20,1.5204000000000002e-05,0,1,False,0.26,1.1552,1.4271163556401458
pawsx-230__ko_en,pawsx-230,1,pawsx,ko_en,jev-1.13.0,2026-09-17T01:25:24.863034+00:00,280.544600012945,414,20,1.7388000000000004e-05,0,1,False,0.36,1.4791999999999998,1.9661128563728327
pawsx-230__ko_ko,pawsx-230,1,pawsx,ko_ko,jev-1.13.0,2026-09-17T01:25:25.147835+00:00,214.66420000069775,427,20,1.7934e-05,0,1,False,0.37,1.5138,2.0402208285265546
pawsx-6969__en_en,pawsx-6969,1,pawsx,en_en,jev-1.13.0,2026-09-17T01:25:25.366978+00:00,278.3151000039652,332,20,1.3944000000000002e-05,0,1,False,0.0,0.5,0.6931471805599453
pawsx-6969__ko_en,pawsx-6969,1,pawsx,ko_en,jev-1.13.0,2026-09-17T01:25:25.649355+00:00,202.61529998970218,355,20,1.4910000000000001e-05,0,1,False,0.0,0.5,0.6931471805599453
pawsx-6969__ko_ko,pawsx-6969,1,pawsx,ko_ko,jev-1.13.0,2026-09-17T01:25:25.856245+00:00,192.65320000704378,368,20,1.5456000000000002e-05,0,1,False,0.010000000000000009,0.5202,0.7133498878774648
pawsx-5902__en_en,pawsx-5902,1,pawsx,en_en,jev-1.13.0,2026-09-17T01:25:26.053162+00:00,208.00969999982044,368,20,1.5456000000000002e-05,0,0,True,0.48,0.0008000000000000008,0.020202707317519466
pawsx-5902__ko_en,pawsx-5902,1,pawsx,ko_en,jev-1.13.0,2026-09-17T01:25:26.265501+00:00,230.72620001039468,418,20,1.7556000000000003e-05,0,0,True,0.48,0.0008000000000000008,0.020202707317519466
pawsx-5902__ko_ko,pawsx-5902,1,pawsx,ko_ko,jev-1.13.0,2026-09-17T01:25:26.499866+00:00,217.43530000094324,431,20,1.8102000000000004e-05,0,0,True,0.47,0.0018000000000000017,0.030459207484708574
pawsx-4934__en_en,pawsx-4934,1,pawsx,en_en,jev-1.13.0,2026-09-17T01:25:26.720647+00:00,228.74260001117364,364,20,1.5288000000000003e-05,0,0,True,0.44,0.007200000000000007,0.06187540371808753
pawsx-4934__ko_en,pawsx-4934,1,pawsx,ko_en,jev-1.13.0,2026-09-17T01:25:26.953749+00:00,257.0774999912828,403,20,1.6926000000000004e-05,0,0,True,0.35,0.045000000000000005,0.16251892949777494
pawsx-4934__ko_ko,pawsx-4934,1,pawsx,ko_ko,jev-1.13.0,2026-09-17T01:25:27.214669+00:00,255.94689999707043,416,20,1.7472e-05,0,0,True,0.35,0.045000000000000005,0.16251892949777494
pawsx-6277__en_en,pawsx-6277,1,pawsx,en_en,jev-1.13.0,2026-09-17T01:25:27.474485+00:00,306.4932999841403,397,20,1.6674000000000003e-05,0,0,True,0.49,0.0002000000000000002,0.01005033585350145
pawsx-6277__ko_en,pawsx-6277,1,pawsx,ko_en,jev-1.13.0,2026-09-17T01:25:27.784851+00:00,196.61829998949543,421,20,1.7682e-05,0,0,True,0.46,0.003200000000000003,0.040821994520255166
pawsx-6277__ko_ko,pawsx-6277,1,pawsx,ko_ko,jev-1.13.0,2026-09-17T01:25:27.985804+00:00,218.76769998925738,434,20,1.8228000000000002e-05,0,0,True,0.46,0.003200000000000003,0.040821994520255166
pawsx-7299__en_en,pawsx-7299,1,pawsx,en_en,jev-1.13.0,2026-09-17T01:25:28.208699+00:00,199.1711999871768,372,20,1.5624e-05,0,0,True,0.49,0.0002000000000000002,0.01005033585350145
pawsx-7299__ko_en,pawsx-7299,1,pawsx,ko_en,jev-1.13.0,2026-09-17T01:25:29.286679+00:00,247.47050000587478,406,20,1.7052000000000002e-05,0,0,True,0.47,0.0018000000000000017,0.030459207484708574
pawsx-7299__ko_ko,pawsx-7299,1,pawsx,ko_ko,jev-1.13.0,2026-09-17T01:25:29.538040+00:00,643.5808000096586,419,20,1.7598000000000003e-05,0,0,True,0.47,0.0018000000000000017,0.030459207484708574
pawsx-1329__en_en,pawsx-1329,1,pawsx,en_en,jev-1.13.0,2026-09-17T01:25:30.186186+00:00,207.11339998524636,341,20,1.4322000000000001e-05,0,1,False,0.28,1.2168,1.5141277326297757
pawsx-1329__ko_en,pawsx-1329,1,pawsx,ko_en,jev-1.13.0,2026-09-17T01:25:30.396291+00:00,227.91570000117645,372,20,1.5624e-05,0,0,True,0.36,0.039200000000000006,0.15082288973458366
pawsx-1329__ko_ko,pawsx-1329,1,pawsx,ko_ko,jev-1.13.0,2026-09-17T01:25:30.628029+00:00,200.94400001107715,385,20,1.6170000000000003e-05,0,0,True,0.39,0.0242,0.11653381625595151
pawsx-7132__en_en,pawsx-7132,1,pawsx,en_en,jev-1.13.0,2026-09-17T01:25:30.832161+00:00,211.91169999656267,342,20,1.4364000000000002e-05,0,0,True,0.48,0.0008000000000000008,0.020202707317519466
pawsx-7132__ko_en,pawsx-7132,1,pawsx,ko_en,jev-1.13.0,2026-09-17T01:25:31.047965+00:00,191.61169999279082,365,20,1.533e-05,0,0,True,0.46,0.003200000000000003,0.040821994520255166
pawsx-7132__ko_ko,pawsx-7132,1,pawsx,ko_ko,jev-1.13.0,2026-09-17T01:25:31.243226+00:00,229.19139999430627,378,20,1.5876000000000002e-05,0,0,True,0.45,0.0050000000000000044,0.05129329438755058
pawsx-523__en_en,pawsx-523,1,pawsx,en_en,jev-1.13.0,2026-09-17T01:25:31.476658+00:00,235.41130000376143,390,20,1.6380000000000002e-05,0,0,True,0.36,0.039200000000000006,0.15082288973458366
pawsx-523__ko_en,pawsx-523,1,pawsx,ko_en,jev-1.13.0,2026-09-17T01:25:31.715891+00:00,201.32380002178252,464,20,1.9488000000000004e-05,0,1,False,0.26,1.1552,1.4271163556401458
pawsx-523__ko_ko,pawsx-523,1,pawsx,ko_ko,jev-1.13.0,2026-09-17T01:25:31.923906+00:00,197.76859998819418,477,20,2.0034e-05,0,1,False,0.25,1.125,1.3862943611198906
pawsx-6016__en_en,pawsx-6016,1,pawsx,en_en,jev-1.13.0,2026-09-17T01:25:32.125430+00:00,213.55799998855218,410,20,1.722e-05,0,1,False,0.41000000000000003,1.6562000000000001,2.4079456086518722
pawsx-6016__ko_en,pawsx-6016,1,pawsx,ko_en,jev-1.13.0,2026-09-17T01:25:32.342976+00:00,247.33899999409914,441,20,1.8522000000000003e-05,0,1,False,0.45999999999999996,1.8432,3.2188758248681997
pawsx-6016__ko_ko,pawsx-6016,1,pawsx,ko_ko,jev-1.13.0,2026-09-17T01:25:32.594118+00:00,259.86160000320524,454,20,1.9068e-05,0,1,False,0.45999999999999996,1.8432,3.2188758248681997
pawsx-3597__en_en,pawsx-3597,1,pawsx,en_en,jev-1.13.0,2026-09-17T01:25:32.857646+00:00,251.7204000032507,366,20,1.5372e-05,0,0,True,0.39,0.0242,0.11653381625595151
pawsx-3597__ko_en,pawsx-3597,1,pawsx,ko_en,jev-1.13.0,2026-09-17T01:25:33.112923+00:00,251.8219999910798,397,20,1.6674000000000003e-05,0,0,True,0.10999999999999999,0.3042,0.4942963218147801
pawsx-3597__ko_ko,pawsx-3597,1,pawsx,ko_ko,jev-1.13.0,2026-09-17T01:25:33.368474+00:00,188.3936999947764,410,20,1.722e-05,0,0,True,0.10999999999999999,0.3042,0.4942963218147801
pawsx-4589__en_en,pawsx-4589,1,pawsx,en_en,jev-1.13.0,2026-09-17T01:25:33.560886+00:00,232.2833000216633,351,20,1.4742000000000002e-05,0,0,True,0.47,0.0018000000000000017,0.030459207484708574
pawsx-4589__ko_en,pawsx-4589,1,pawsx,ko_en,jev-1.13.0,2026-09-17T01:25:33.796521+00:00,243.83590000797994,367,20,1.5414000000000002e-05,0,0,True,0.46,0.003200000000000003,0.040821994520255166
pawsx-4589__ko_ko,pawsx-4589,1,pawsx,ko_ko,jev-1.13.0,2026-09-17T01:25:34.043563+00:00,217.1515000227373,380,20,1.5960000000000003e-05,0,0,True,0.46,0.003200000000000003,0.040821994520255166
pawsx-3507__en_en,pawsx-3507,1,pawsx,en_en,jev-1.13.0,2026-09-17T01:25:34.264906+00:00,270.2382999996189,343,20,1.4406000000000002e-05,0,1,False,0.41000000000000003,1.6562000000000001,2.4079456086518722
pawsx-3507__ko_en,pawsx-3507,1,pawsx,ko_en,jev-1.13.0,2026-09-17T01:25:34.539548+00:00,189.72160000703298,365,20,1.533e-05,0,1,False,0.26,1.1552,1.4271163556401458
pawsx-3507__ko_ko,pawsx-3507,1,pawsx,ko_ko,jev-1.13.0,2026-09-17T01:25:34.732605+00:00,267.4109000072349,378,20,1.5876000000000002e-05,0,1,False,0.21999999999999997,1.0368,1.2729656758128873
pawsx-5983__en_en,pawsx-5983,1,pawsx,en_en,jev-1.13.0,2026-09-17T01:25:35.003507+00:00,253.92980000469834,352,20,1.4784000000000003e-05,0,0,True,0.48,0.0008000000000000008,0.020202707317519466
pawsx-5983__ko_en,pawsx-5983,1,pawsx,ko_en,jev-1.13.0,2026-09-17T01:25:35.260925+00:00,247.87130000186153,386,20,1.6212000000000003e-05,0,0,True,0.46,0.003200000000000003,0.040821994520255166
pawsx-5983__ko_ko,pawsx-5983,1,pawsx,ko_ko,jev-1.13.0,2026-09-17T01:25:35.512007+00:00,263.98199997493066,399,20,1.6758e-05,0,0,True,0.47,0.0018000000000000017,0.030459207484708574
pawsx-3624__en_en,pawsx-3624,1,pawsx,en_en,jev-1.13.0,2026-09-17T01:25:35.779651+00:00,233.4032000217121,390,20,1.6380000000000002e-05,0,0,True,0.19,0.19220000000000004,0.37106368139083207
pawsx-3624__ko_en,pawsx-3624,1,pawsx,ko_en,jev-1.13.0,2026-09-17T01:25:36.016358+00:00,241.77709998912178,455,20,1.911e-05,0,0,True,0.08000000000000002,0.3527999999999999,0.5447271754416719
pawsx-3624__ko_ko,pawsx-3624,1,pawsx,ko_ko,jev-1.13.0,2026-09-17T01:25:36.262088+00:00,241.7476000264287,468,20,1.9656000000000003e-05,0,0,True,0.19,0.19220000000000004,0.37106368139083207
pawsx-6516__en_en,pawsx-6516,1,pawsx,en_en,jev-1.13.0,2026-09-17T01:25:36.507389+00:00,241.0070000041742,395,20,1.6590000000000002e-05,0,1,False,0.42000000000000004,1.6928,2.525728644308256
pawsx-6516__ko_en,pawsx-6516,1,pawsx,ko_en,jev-1.13.0,2026-09-17T01:25:36.752917+00:00,294.8057999892626,449,20,1.8858e-05,0,1,False,0.08999999999999997,0.6961999999999999,0.8915981192837835
pawsx-6516__ko_ko,pawsx-6516,1,pawsx,ko_ko,jev-1.13.0,2026-09-17T01:25:37.051141+00:00,292.08179999841377,462,20,1.9404000000000003e-05,0,1,False,0.15000000000000002,0.8450000000000001,1.0498221244986778
pawsx-2727__en_en,pawsx-2727,1,pawsx,en_en,jev-1.13.0,2026-09-17T01:25:37.346853+00:00,1242.0781000109855,344,20,1.4448000000000001e-05,0,1,False,0.020000000000000018,0.5408000000000001,0.7339691750802004
pawsx-2727__ko_en,pawsx-2727,1,pawsx,ko_en,jev-1.13.0,2026-09-17T01:25:38.592629+00:00,254.7150000173133,366,20,1.5372e-05,0,1,False,0.26,1.1552,1.4271163556401458
pawsx-2727__ko_ko,pawsx-2727,1,pawsx,ko_ko,jev-1.13.0,2026-09-17T01:25:38.851100+00:00,282.5069000246003,379,20,1.5918000000000002e-05,0,1,False,0.19999999999999996,0.9799999999999999,1.203972804325936
pawsx-4064__en_en,pawsx-4064,1,pawsx,en_en,jev-1.13.0,2026-09-17T01:25:39.137252+00:00,219.35619998839684,399,20,1.6758e-05,0,0,True,0.48,0.0008000000000000008,0.020202707317519466
pawsx-4064__ko_en,pawsx-4064,1,pawsx,ko_en,jev-1.13.0,2026-09-17T01:25:39.360118+00:00,224.9496000004001,440,20,1.8480000000000003e-05,0,1,False,0.12,0.7688,0.9675840262617056
pawsx-4064__ko_ko,pawsx-4064,1,pawsx,ko_ko,jev-1.13.0,2026-09-17T01:25:39.588751+00:00,225.48760002246127,453,20,1.9026000000000004e-05,0,1,False,0.08999999999999997,0.6961999999999999,0.8915981192837835
pawsx-2824__en_en,pawsx-2824,1,pawsx,en_en,jev-1.13.0,2026-09-17T01:25:39.818014+00:00,211.00419998401776,390,20,1.6380000000000002e-05,0,1,False,0.31999999999999995,1.3447999999999998,1.7147984280919264
pawsx-2824__ko_en,pawsx-2824,1,pawsx,ko_en,jev-1.13.0,2026-09-17T01:25:40.032815+00:00,224.3196000054013,401,20,1.6842000000000002e-05,0,0,True,0.030000000000000027,0.44179999999999997,0.6348782724359695
pawsx-2824__ko_ko,pawsx-2824,1,pawsx,ko_ko,jev-1.13.0,2026-09-17T01:25:40.260802+00:00,271.33660000981763,414,20,1.7388000000000004e-05,0,0,True,0.13,0.2738,0.4620354595965587
pawsx-2119__en_en,pawsx-2119,1,pawsx,en_en,jev-1.13.0,2026-09-17T01:25:40.535928+00:00,218.97219997481443,371,20,1.5582e-05,0,0,True,0.28,0.0968,0.2484613592984996
pawsx-2119__ko_en,pawsx-2119,1,pawsx,ko_en,jev-1.13.0,2026-09-17T01:25:40.758649+00:00,210.14650000142865,387,20,1.6254e-05,0,1,False,0.37,1.5138,2.0402208285265546
pawsx-2119__ko_ko,pawsx-2119,1,pawsx,ko_ko,jev-1.13.0,2026-09-17T01:25:40.972819+00:00,201.34510000934824,400,20,1.6800000000000002e-05,0,1,False,0.37,1.5138,2.0402208285265546
pawsx-1231__en_en,pawsx-1231,1,pawsx,en_en,jev-1.13.0,2026-09-17T01:25:41.177874+00:00,219.07659998396412,333,20,1.3986000000000001e-05,0,0,True,0.43,0.00980000000000001,0.0725706928348355
pawsx-1231__ko_en,pawsx-1231,1,pawsx,ko_en,jev-1.13.0,2026-09-17T01:25:41.401541+00:00,228.45749999396503,349,20,1.4658000000000003e-05,0,1,False,0.19999999999999996,0.9799999999999999,1.203972804325936
pawsx-1231__ko_ko,pawsx-1231,1,pawsx,ko_ko,jev-1.13.0,2026-09-17T01:25:41.633143+00:00,234.5130000030622,362,20,1.5204000000000002e-05,0,1,False,0.18000000000000005,0.9248000000000002,1.139434283188365
pawsx-1288__en_en,pawsx-1288,1,pawsx,en_en,jev-1.13.0,2026-09-17T01:25:41.871490+00:00,250.4901000065729,363,20,1.5246000000000003e-05,0,1,False,0.030000000000000027,0.5618000000000001,0.7550225842780328
pawsx-1288__ko_en,pawsx-1288,1,pawsx,ko_en,jev-1.13.0,2026-09-17T01:25:42.126142+00:00,235.04339999635704,407,20,1.7094000000000003e-05,0,1,False,0.21999999999999997,1.0368,1.2729656758128873
pawsx-1288__ko_ko,pawsx-1288,1,pawsx,ko_ko,jev-1.13.0,2026-09-17T01:25:42.365397+00:00,262.86200000322424,420,20,1.7640000000000004e-05,0,1,False,0.19999999999999996,0.9799999999999999,1.203972804325936
pawsx-243__en_en,pawsx-243,1,pawsx,en_en,jev-1.13.0,2026-09-17T01:25:42.631913+00:00,280.5657999997493,354,20,1.4868000000000002e-05,1,1,True,0.43999999999999995,0.007200000000000013,0.06187540371808753
pawsx-243__ko_en,pawsx-243,1,pawsx,ko_en,jev-1.13.0,2026-09-17T01:25:42.916520+00:00,265.99389998591505,371,20,1.5582e-05,1,1,True,0.49,0.00020000000000000036,0.01005033585350145
pawsx-243__ko_ko,pawsx-243,1,pawsx,ko_ko,jev-1.13.0,2026-09-17T01:25:43.186347+00:00,267.27899999241345,384,20,1.6128000000000002e-05,1,1,True,0.49,0.00020000000000000036,0.01005033585350145
pawsx-2283__en_en,pawsx-2283,1,pawsx,en_en,jev-1.13.0,2026-09-17T01:25:43.457512+00:00,214.60159998969175,351,20,1.4742000000000002e-05,1,0,False,0.020000000000000018,0.5408000000000001,0.7339691750802004
pawsx-2283__ko_en,pawsx-2283,1,pawsx,ko_en,jev-1.13.0,2026-09-17T01:25:43.676200+00:00,217.91739997570403,392,20,1.6464000000000004e-05,1,0,False,0.28,1.2168,1.5141277326297755
pawsx-2283__ko_ko,pawsx-2283,1,pawsx,ko_ko,jev-1.13.0,2026-09-17T01:25:43.898469+00:00,217.90560000226833,405,20,1.701e-05,1,0,False,0.28,1.2168,1.5141277326297755
pawsx-3162__en_en,pawsx-3162,1,pawsx,en_en,jev-1.13.0,2026-09-17T01:25:44.120073+00:00,270.86240000789985,333,20,1.3986000000000001e-05,1,1,True,0.31999999999999995,0.06480000000000004,0.19845093872383832
pawsx-3162__ko_en,pawsx-3162,1,pawsx,ko_en,jev-1.13.0,2026-09-17T01:25:44.394884+00:00,287.1673000045121,355,20,1.4910000000000001e-05,1,1,True,0.41000000000000003,0.01619999999999999,0.09431067947124129
pawsx-3162__ko_ko,pawsx-3162,1,pawsx,ko_ko,jev-1.13.0,2026-09-17T01:25:44.685736+00:00,270.23960000951774,368,20,1.5456000000000002e-05,1,1,True,0.4,0.01999999999999999,0.10536051565782628
pawsx-4716__en_en,pawsx-4716,1,pawsx,en_en,jev-1.13.0,2026-09-17T01:25:44.959797+00:00,213.97469998919405,334,20,1.4028000000000002e-05,1,0,False,0.4,1.62,2.3025850929940455
pawsx-4716__ko_en,pawsx-4716,1,pawsx,ko_en,jev-1.13.0,2026-09-17T01:25:45.178067+00:00,212.6517999859061,361,20,1.5162000000000002e-05,1,1,True,0.45999999999999996,0.003200000000000006,0.040821994520255166
pawsx-4716__ko_ko,pawsx-4716,1,pawsx,ko_ko,jev-1.13.0,2026-09-17T01:25:45.394328+00:00,237.79179999837652,374,20,1.5708000000000003e-05,1,1,True,0.45999999999999996,0.003200000000000006,0.040821994520255166
pawsx-5235__en_en,pawsx-5235,1,pawsx,en_en,jev-1.13.0,2026-09-17T01:25:45.635634+00:00,207.23820000421256,349,20,1.4658000000000003e-05,1,1,True,0.45999999999999996,0.003200000000000006,0.040821994520255166
pawsx-5235__ko_en,pawsx-5235,1,pawsx,ko_en,jev-1.13.0,2026-09-17T01:25:45.847637+00:00,209.04799998970702,386,20,1.6212000000000003e-05,1,1,True,0.26,0.1152,0.2744368457017603
pawsx-5235__ko_ko,pawsx-5235,1,pawsx,ko_ko,jev-1.13.0,2026-09-17T01:25:46.059945+00:00,307.8644999768585,399,20,1.6758e-05,1,1,True,0.21999999999999997,0.15680000000000002,0.3285040669720361
pawsx-1700__en_en,pawsx-1700,1,pawsx,en_en,jev-1.13.0,2026-09-17T01:25:46.371899+00:00,253.7187999987509,355,20,1.4910000000000001e-05,1,1,True,0.35,0.04500000000000001,0.16251892949777494
pawsx-1700__ko_en,pawsx-1700,1,pawsx,ko_en,jev-1.13.0,2026-09-17T01:25:46.629064+00:00,223.76119997352362,400,20,1.6800000000000002e-05,1,1,True,0.4,0.01999999999999999,0.10536051565782628
pawsx-1700__ko_ko,pawsx-1700,1,pawsx,ko_ko,jev-1.13.0,2026-09-17T01:25:46.856367+00:00,309.5020000182558,413,20,1.7346000000000003e-05,1,1,True,0.36,0.039200000000000006,0.15082288973458366
pawsx-1597__en_en,pawsx-1597,1,pawsx,en_en,jev-1.13.0,2026-09-17T01:25:47.169638+00:00,222.85270001157187,377,20,1.5834e-05,1,1,True,0.010000000000000009,0.48019999999999996,0.6733445532637656
pawsx-1597__ko_en,pawsx-1597,1,pawsx,ko_en,jev-1.13.0,2026-09-17T01:25:47.396232+00:00,361.5927999780979,408,20,1.7136000000000003e-05,1,1,True,0.33999999999999997,0.05120000000000002,0.1743533871447778
pawsx-1597__ko_ko,pawsx-1597,1,pawsx,ko_ko,jev-1.13.0,2026-09-17T01:25:47.761062+00:00,291.18349999771453,421,20,1.7682e-05,1,1,True,0.31999999999999995,0.06480000000000004,0.19845093872383832
pawsx-1707__en_en,pawsx-1707,1,pawsx,en_en,jev-1.13.0,2026-09-17T01:25:48.056334+00:00,295.74739999952726,344,20,1.4448000000000001e-05,1,1,True,0.39,0.024199999999999996,0.11653381625595151
pawsx-1707__ko_en,pawsx-1707,1,pawsx,ko_en,jev-1.13.0,2026-09-17T01:25:48.356269+00:00,264.2758000001777,362,20,1.5204000000000002e-05,1,1,True,0.47,0.0018000000000000032,0.030459207484708574
pawsx-1707__ko_ko,pawsx-1707,1,pawsx,ko_ko,jev-1.13.0,2026-09-17T01:25:48.624594+00:00,239.98680000659078,375,20,1.5750000000000003e-05,1,1,True,0.47,0.0018000000000000032,0.030459207484708574
pawsx-7946__en_en,pawsx-7946,1,pawsx,en_en,jev-1.13.0,2026-09-17T01:25:48.867974+00:00,230.9880999964662,333,20,1.3986000000000001e-05,1,0,False,0.22999999999999998,1.0657999999999999,1.3093333199837622
pawsx-7946__ko_en,pawsx-7946,1,pawsx,ko_en,jev-1.13.0,2026-09-17T01:25:49.102918+00:00,221.63719998206943,348,20,1.4616000000000002e-05,1,1,True,0.45999999999999996,0.003200000000000006,0.040821994520255166
pawsx-7946__ko_ko,pawsx-7946,1,pawsx,ko_ko,jev-1.13.0,2026-09-17T01:25:49.328139+00:00,216.56840000650845,361,20,1.5162000000000002e-05,1,1,True,0.44999999999999996,0.005000000000000009,0.05129329438755058
pawsx-7598__en_en,pawsx-7598,1,pawsx,en_en,jev-1.13.0,2026-09-17T01:25:49.548500+00:00,237.90229999576695,350,20,1.4700000000000002e-05,1,1,True,0.48,0.0008000000000000014,0.020202707317519466
pawsx-7598__ko_en,pawsx-7598,1,pawsx,ko_en,jev-1.13.0,2026-09-17T01:25:49.790099+00:00,310.15730000217445,399,20,1.6758e-05,1,1,True,0.39,0.024199999999999996,0.11653381625595151
pawsx-7598__ko_ko,pawsx-7598,1,pawsx,ko_ko,jev-1.13.0,2026-09-17T01:25:50.104260+00:00,258.7444999953732,412,20,1.7304000000000002e-05,1,1,True,0.37,0.033800000000000004,0.13926206733350766
pawsx-2352__en_en,pawsx-2352,1,pawsx,en_en,jev-1.13.0,2026-09-17T01:25:50.367083+00:00,206.93539999774657,342,20,1.4364000000000002e-05,1,1,True,0.43000000000000005,0.009799999999999986,0.07257069283483537
pawsx-2352__ko_en,pawsx-2352,1,pawsx,ko_en,jev-1.13.0,2026-09-17T01:25:50.577466+00:00,214.659399993252,390,20,1.6380000000000002e-05,1,1,True,0.36,0.039200000000000006,0.15082288973458366
pawsx-2352__ko_ko,pawsx-2352,1,pawsx,ko_ko,jev-1.13.0,2026-09-17T01:25:50.796015+00:00,303.52549999952316,403,20,1.6926000000000004e-05,1,1,True,0.31000000000000005,0.07219999999999996,0.21072103131565253
pawsx-5401__en_en,pawsx-5401,1,pawsx,en_en,jev-1.13.0,2026-09-17T01:25:51.103288+00:00,261.049799999455,356,20,1.4952000000000002e-05,1,1,True,0.45999999999999996,0.003200000000000006,0.040821994520255166
pawsx-5401__ko_en,pawsx-5401,1,pawsx,ko_en,jev-1.13.0,2026-09-17T01:25:51.368021+00:00,190.19689998822287,393,20,1.6506e-05,1,1,True,0.10999999999999999,0.3042,0.4942963218147801
pawsx-5401__ko_ko,pawsx-5401,1,pawsx,ko_ko,jev-1.13.0,2026-09-17T01:25:51.561584+00:00,198.2582999917213,406,20,1.7052000000000002e-05,1,1,True,0.07999999999999996,0.35280000000000006,0.5447271754416722
pawsx-7867__en_en,pawsx-7867,1,pawsx,en_en,jev-1.13.0,2026-09-17T01:25:51.763448+00:00,217.74860000004992,354,20,1.4868000000000002e-05,1,1,True,0.48,0.0008000000000000014,0.020202707317519466
pawsx-7867__ko_en,pawsx-7867,1,pawsx,ko_en,jev-1.13.0,2026-09-17T01:25:51.985051+00:00,206.6097000206355,393,20,1.6506e-05,1,1,True,0.44999999999999996,0.005000000000000009,0.05129329438755058
pawsx-7867__ko_ko,pawsx-7867,1,pawsx,ko_ko,jev-1.13.0,2026-09-17T01:25:52.195480+00:00,203.53349999641068,406,20,1.7052000000000002e-05,1,1,True,0.41000000000000003,0.01619999999999999,0.09431067947124129
pawsx-5279__en_en,pawsx-5279,1,pawsx,en_en,jev-1.13.0,2026-09-17T01:25:52.403115+00:00,213.78190000541508,373,20,1.5666000000000002e-05,1,1,True,0.16000000000000003,0.23119999999999996,0.4155154439616658
pawsx-5279__ko_en,pawsx-5279,1,pawsx,ko_en,jev-1.13.0,2026-09-17T01:25:52.620768+00:00,198.69609997840598,420,20,1.7640000000000004e-05,1,1,True,0.29000000000000004,0.08819999999999997,0.23572233352106983
pawsx-5279__ko_ko,pawsx-5279,1,pawsx,ko_ko,jev-1.13.0,2026-09-17T01:25:52.823157+00:00,289.99499999918044,433,20,1.8186000000000002e-05,1,1,True,0.27,0.10579999999999998,0.2613647641344075
pawsx-4311__en_en,pawsx-4311,1,pawsx,en_en,jev-1.13.0,2026-09-17T01:25:53.117052+00:00,235.74240002199076,361,20,1.5162000000000002e-05,1,1,True,0.47,0.0018000000000000032,0.030459207484708574
pawsx-4311__ko_en,pawsx-4311,1,pawsx,ko_en,jev-1.13.0,2026-09-17T01:25:53.356379+00:00,225.6755999987945,400,20,1.6800000000000002e-05,1,1,True,0.43000000000000005,0.009799999999999986,0.07257069283483537
pawsx-4311__ko_ko,pawsx-4311,1,pawsx,ko_ko,jev-1.13.0,2026-09-17T01:25:53.585802+00:00,209.5767999999225,413,20,1.7346000000000003e-05,1,1,True,0.42000000000000004,0.012799999999999987,0.08338160893905101
pawsx-5442__en_en,pawsx-5442,1,pawsx,en_en,jev-1.13.0,2026-09-17T01:25:53.799174+00:00,295.36910000024363,348,20,1.4616000000000002e-05,1,1,True,0.43000000000000005,0.009799999999999986,0.07257069283483537
pawsx-5442__ko_en,pawsx-5442,1,pawsx,ko_en,jev-1.13.0,2026-09-17T01:25:54.098507+00:00,221.2578000035137,390,20,1.6380000000000002e-05,1,1,True,0.45999999999999996,0.003200000000000006,0.040821994520255166
pawsx-5442__ko_ko,pawsx-5442,1,pawsx,ko_ko,jev-1.13.0,2026-09-17T01:25:54.324281+00:00,241.26009998144582,403,20,1.6926000000000004e-05,1,1,True,0.44999999999999996,0.005000000000000009,0.05129329438755058
pawsx-2232__en_en,pawsx-2232,1,pawsx,en_en,jev-1.13.0,2026-09-17T01:25:54.569611+00:00,231.57960001844913,382,20,1.6044e-05,1,1,True,0.47,0.0018000000000000032,0.030459207484708574
pawsx-2232__ko_en,pawsx-2232,1,pawsx,ko_en,jev-1.13.0,2026-09-17T01:25:54.805554+00:00,194.15769999613985,402,20,1.6884000000000003e-05,1,1,True,0.48,0.0008000000000000014,0.020202707317519466
pawsx-2232__ko_ko,pawsx-2232,1,pawsx,ko_ko,jev-1.13.0,2026-09-17T01:25:56.007744+00:00,249.70010001561604,415,20,1.743e-05,1,1,True,0.48,0.0008000000000000014,0.020202707317519466
pawsx-5018__en_en,pawsx-5018,1,pawsx,en_en,jev-1.13.0,2026-09-17T01:25:56.261531+00:00,230.98890000255778,352,20,1.4784000000000003e-05,1,1,True,0.27,0.10579999999999998,0.2613647641344075
pawsx-5018__ko_en,pawsx-5018,1,pawsx,ko_en,jev-1.13.0,2026-09-17T01:25:56.496509+00:00,214.03279999503866,371,20,1.5582e-05,1,1,True,0.040000000000000036,0.4231999999999999,0.616186139423817
pawsx-5018__ko_ko,pawsx-5018,1,pawsx,ko_ko,jev-1.13.0,2026-09-17T01:25:56.714162+00:00,188.2583999831695,384,20,1.6128000000000002e-05,1,1,True,0.030000000000000027,0.44179999999999997,0.6348782724359695
pawsx-3375__en_en,pawsx-3375,1,pawsx,en_en,jev-1.13.0,2026-09-17T01:25:56.906876+00:00,200.74999998905696,350,20,1.4700000000000002e-05,1,1,True,0.45999999999999996,0.003200000000000006,0.040821994520255166
pawsx-3375__ko_en,pawsx-3375,1,pawsx,ko_en,jev-1.13.0,2026-09-17T01:25:57.111389+00:00,253.92329998430796,370,20,1.5540000000000004e-05,1,1,True,0.43000000000000005,0.009799999999999986,0.07257069283483537
pawsx-3375__ko_ko,pawsx-3375,1,pawsx,ko_ko,jev-1.13.0,2026-09-17T01:25:57.370355+00:00,226.27439998905174,383,20,1.6086e-05,1,1,True,0.4,0.01999999999999999,0.10536051565782628
pawsx-5366__en_en,pawsx-5366,1,pawsx,en_en,jev-1.13.0,2026-09-17T01:25:57.601089+00:00,231.4823999768123,386,20,1.6212000000000003e-05,1,1,True,0.36,0.039200000000000006,0.15082288973458366
pawsx-5366__ko_en,pawsx-5366,1,pawsx,ko_en,jev-1.13.0,2026-09-17T01:25:57.836275+00:00,231.52550001395866,438,20,1.8396e-05,1,0,False,0.12,0.7688,0.9675840262617056
pawsx-5366__ko_ko,pawsx-5366,1,pawsx,ko_ko,jev-1.13.0,2026-09-17T01:25:58.071915+00:00,186.51910001062788,451,20,1.8942000000000003e-05,1,0,False,0.15000000000000002,0.8450000000000001,1.0498221244986778
pawsx-976__en_en,pawsx-976,1,pawsx,en_en,jev-1.13.0,2026-09-17T01:25:58.262464+00:00,219.69650001847185,366,20,1.5372e-05,1,1,True,0.43000000000000005,0.009799999999999986,0.07257069283483537
pawsx-976__ko_en,pawsx-976,1,pawsx,ko_en,jev-1.13.0,2026-09-17T01:25:58.486058+00:00,200.2871999866329,399,20,1.6758e-05,1,1,True,0.10999999999999999,0.3042,0.4942963218147801
pawsx-976__ko_ko,pawsx-976,1,pawsx,ko_ko,jev-1.13.0,2026-09-17T01:25:58.690222+00:00,267.6846999966074,412,20,1.7304000000000002e-05,1,1,True,0.06999999999999995,0.3698000000000001,0.5621189181535413
pawsx-7972__en_en,pawsx-7972,1,pawsx,en_en,jev-1.13.0,2026-09-17T01:25:58.962133+00:00,192.94970002374612,348,20,1.4616000000000002e-05,1,1,True,0.4,0.01999999999999999,0.10536051565782628
pawsx-7972__ko_en,pawsx-7972,1,pawsx,ko_en,jev-1.13.0,2026-09-17T01:25:59.159195+00:00,244.63019997347146,373,20,1.5666000000000002e-05,1,0,False,0.22999999999999998,1.0657999999999999,1.3093333199837622
pawsx-7972__ko_ko,pawsx-7972,1,pawsx,ko_ko,jev-1.13.0,2026-09-17T01:25:59.407231+00:00,216.27070000977255,386,20,1.6212000000000003e-05,1,0,False,0.25,1.125,1.3862943611198906
pawsx-451__en_en,pawsx-451,1,pawsx,en_en,jev-1.13.0,2026-09-17T01:25:59.628048+00:00,187.18059998354875,351,20,1.4742000000000002e-05,1,1,True,0.07999999999999996,0.35280000000000006,0.5447271754416722
pawsx-451__ko_en,pawsx-451,1,pawsx,ko_en,jev-1.13.0,2026-09-17T01:25:59.819422+00:00,261.3468999916222,370,20,1.5540000000000004e-05,1,1,True,0.19999999999999996,0.18000000000000005,0.35667494393873245
pawsx-451__ko_ko,pawsx-451,1,pawsx,ko_ko,jev-1.13.0,2026-09-17T01:26:00.084698+00:00,197.5142000010237,383,20,1.6086e-05,1,1,True,0.17000000000000004,0.21779999999999994,0.40047756659712525
pawsx-1834__en_en,pawsx-1834,1,pawsx,en_en,jev-1.13.0,2026-09-17T01:26:00.286235+00:00,199.99260001350194,348,20,1.4616000000000002e-05,1,0,False,0.15000000000000002,0.8450000000000001,1.0498221244986778
pawsx-1834__ko_en,pawsx-1834,1,pawsx,ko_en,jev-1.13.0,2026-09-17T01:26:00.490994+00:00,208.54430002509616,387,20,1.6254e-05,1,1,True,0.49,0.00020000000000000036,0.01005033585350145
pawsx-1834__ko_ko,pawsx-1834,1,pawsx,ko_ko,jev-1.13.0,2026-09-17T01:26:00.702901+00:00,217.98749998561107,400,20,1.6800000000000002e-05,1,1,True,0.49,0.00020000000000000036,0.01005033585350145
pawsx-6312__en_en,pawsx-6312,1,pawsx,en_en,jev-1.13.0,2026-09-17T01:26:00.925475+00:00,263.3634000085294,346,20,1.4532000000000002e-05,1,1,True,0.37,0.033800000000000004,0.13926206733350766
pawsx-6312__ko_en,pawsx-6312,1,pawsx,ko_en,jev-1.13.0,2026-09-17T01:26:01.192503+00:00,262.6858000003267,392,20,1.6464000000000004e-05,1,0,False,0.07,0.6498000000000002,0.843970070294529
pawsx-6312__ko_ko,pawsx-6312,1,pawsx,ko_ko,jev-1.13.0,2026-09-17T01:26:01.459642+00:00,204.2156000097748,405,20,1.701e-05,1,0,False,0.09999999999999998,0.72,0.916290731874155
pawsx-4752__en_en,pawsx-4752,1,pawsx,en_en,jev-1.13.0,2026-09-17T01:26:01.668062+00:00,195.8992000145372,354,20,1.4868000000000002e-05,1,1,True,0.42000000000000004,0.012799999999999987,0.08338160893905101
pawsx-4752__ko_en,pawsx-4752,1,pawsx,ko_en,jev-1.13.0,2026-09-17T01:26:01.868438+00:00,195.52660000044852,402,20,1.6884000000000003e-05,1,1,True,0.26,0.1152,0.2744368457017603
pawsx-4752__ko_ko,pawsx-4752,1,pawsx,ko_ko,jev-1.13.0,2026-09-17T01:26:02.068485+00:00,239.48920000111684,415,20,1.743e-05,1,1,True,0.27,0.10579999999999998,0.2613647641344075
pawsx-3867__en_en,pawsx-3867,1,pawsx,en_en,jev-1.13.0,2026-09-17T01:26:02.311867+00:00,199.55319998553023,371,20,1.5582e-05,1,1,True,0.43999999999999995,0.007200000000000013,0.06187540371808753
pawsx-3867__ko_en,pawsx-3867,1,pawsx,ko_en,jev-1.13.0,2026-09-17T01:26:02.515236+00:00,258.7209999910556,402,20,1.6884000000000003e-05,1,1,True,0.37,0.033800000000000004,0.13926206733350766
pawsx-3867__ko_ko,pawsx-3867,1,pawsx,ko_ko,jev-1.13.0,2026-09-17T01:26:02.778398+00:00,275.3177999984473,415,20,1.743e-05,1,1,True,0.33999999999999997,0.05120000000000002,0.1743533871447778
pawsx-2873__en_en,pawsx-2873,1,pawsx,en_en,jev-1.13.0,2026-09-17T01:26:03.057499+00:00,206.2246999994386,387,20,1.6254e-05,1,1,True,0.44999999999999996,0.005000000000000009,0.05129329438755058
pawsx-2873__ko_en,pawsx-2873,1,pawsx,ko_en,jev-1.13.0,2026-09-17T01:26:03.268112+00:00,334.0221000253223,440,20,1.8480000000000003e-05,1,1,True,0.47,0.0018000000000000032,0.030459207484708574
pawsx-2873__ko_ko,pawsx-2873,1,pawsx,ko_ko,jev-1.13.0,2026-09-17T01:26:03.606594+00:00,196.06499999645166,453,20,1.9026000000000004e-05,1,1,True,0.45999999999999996,0.003200000000000006,0.040821994520255166
pawsx-4112__en_en,pawsx-4112,1,pawsx,en_en,jev-1.13.0,2026-09-17T01:26:03.806459+00:00,263.74660001602024,349,20,1.4658000000000003e-05,1,1,True,0.45999999999999996,0.003200000000000006,0.040821994520255166
pawsx-4112__ko_en,pawsx-4112,1,pawsx,ko_en,jev-1.13.0,2026-09-17T01:26:04.074053+00:00,203.43229998252355,395,20,1.6590000000000002e-05,1,1,True,0.49,0.00020000000000000036,0.01005033585350145
pawsx-4112__ko_ko,pawsx-4112,1,pawsx,ko_ko,jev-1.13.0,2026-09-17T01:26:04.281046+00:00,223.9640000043437,408,20,1.7136000000000003e-05,1,1,True,0.49,0.00020000000000000036,0.01005033585350145
pawsx-787__en_en,pawsx-787,1,pawsx,en_en,jev-1.13.0,2026-09-17T01:26:04.508288+00:00,460.11379998526536,339,20,1.4238000000000002e-05,1,1,True,0.38,0.0288,0.12783337150988489
pawsx-787__ko_en,pawsx-787,1,pawsx,ko_en,jev-1.13.0,2026-09-17T01:26:04.972499+00:00,377.64349998906255,360,20,1.5120000000000003e-05,1,1,True,0.4,0.01999999999999999,0.10536051565782628
pawsx-787__ko_ko,pawsx-787,1,pawsx,ko_ko,jev-1.13.0,2026-09-17T01:26:05.353975+00:00,194.93820000207052,373,20,1.5666000000000002e-05,1,1,True,0.4,0.01999999999999999,0.10536051565782628
pawsx-265__en_en,pawsx-265,1,pawsx,en_en,jev-1.13.0,2026-09-17T01:26:05.552831+00:00,222.11990001960658,369,20,1.5498000000000003e-05,1,1,True,0.45999999999999996,0.003200000000000006,0.040821994520255166
pawsx-265__ko_en,pawsx-265,1,pawsx,ko_en,jev-1.13.0,2026-09-17T01:26:05.779060+00:00,228.53019999456592,396,20,1.6632000000000003e-05,1,1,True,0.06999999999999995,0.3698000000000001,0.5621189181535413
pawsx-265__ko_ko,pawsx-265,1,pawsx,ko_ko,jev-1.13.0,2026-09-17T01:26:06.011220+00:00,210.78130000387318,409,20,1.7178000000000004e-05,1,1,True,0.050000000000000044,0.4049999999999999,0.5978370007556204
pawsx-5999__en_en,pawsx-5999,1,pawsx,en_en,jev-1.13.0,2026-09-17T01:26:06.225996+00:00,242.26030000136234,372,20,1.5624e-05,1,1,True,0.49,0.00020000000000000036,0.01005033585350145
pawsx-5999__ko_en,pawsx-5999,1,pawsx,ko_en,jev-1.13.0,2026-09-17T01:26:06.472242+00:00,237.937800004147,395,20,1.6590000000000002e-05,1,1,True,0.48,0.0008000000000000014,0.020202707317519466
pawsx-5999__ko_ko,pawsx-5999,1,pawsx,ko_ko,jev-1.13.0,2026-09-17T01:26:06.714622+00:00,347.7730000158772,408,20,1.7136000000000003e-05,1,1,True,0.48,0.0008000000000000014,0.020202707317519466
pawsx-5267__en_en,pawsx-5267,1,pawsx,en_en,jev-1.13.0,2026-09-17T01:26:07.066512+00:00,237.8335999965202,362,20,1.5204000000000002e-05,1,1,True,0.47,0.0018000000000000032,0.030459207484708574
pawsx-5267__ko_en,pawsx-5267,1,pawsx,ko_en,jev-1.13.0,2026-09-17T01:26:07.308185+00:00,204.71270001144148,402,20,1.6884000000000003e-05,1,1,True,0.44999999999999996,0.005000000000000009,0.05129329438755058
pawsx-5267__ko_ko,pawsx-5267,1,pawsx,ko_ko,jev-1.13.0,2026-09-17T01:26:07.516820+00:00,202.07320002373308,415,20,1.743e-05,1,1,True,0.43999999999999995,0.007200000000000013,0.06187540371808753
pawsx-7715__en_en,pawsx-7715,1,pawsx,en_en,jev-1.13.0,2026-09-17T01:26:07.723311+00:00,223.6321999807842,356,20,1.4952000000000002e-05,1,1,True,0.18000000000000005,0.20479999999999993,0.3856624808119846
pawsx-7715__ko_en,pawsx-7715,1,pawsx,ko_en,jev-1.13.0,2026-09-17T01:26:07.951203+00:00,235.96859999815933,389,20,1.6338000000000002e-05,1,0,False,0.38,1.5488,2.120263536200091
pawsx-7715__ko_ko,pawsx-7715,1,pawsx,ko_ko,jev-1.13.0,2026-09-17T01:26:08.191221+00:00,223.00200001336634,402,20,1.6884000000000003e-05,1,0,False,0.39,1.5842,2.2072749131897207
pawsx-5772__en_en,pawsx-5772,1,pawsx,en_en,jev-1.13.0,2026-09-17T01:26:08.418191+00:00,221.95360000478104,319,20,1.3398000000000001e-05,1,1,True,0.0,0.5,0.6931471805599453
pawsx-5772__ko_en,pawsx-5772,1,pawsx,ko_en,jev-1.13.0,2026-09-17T01:26:08.643873+00:00,241.0962000139989,328,20,1.3776000000000002e-05,1,1,True,0.32999999999999996,0.057800000000000025,0.18632957819149348
pawsx-5772__ko_ko,pawsx-5772,1,pawsx,ko_ko,jev-1.13.0,2026-09-17T01:26:08.888867+00:00,221.25150001375005,341,20,1.4322000000000001e-05,1,1,True,0.31999999999999995,0.06480000000000004,0.19845093872383832
pawsx-4841__en_en,pawsx-4841,1,pawsx,en_en,jev-1.13.0,2026-09-17T01:26:09.114377+00:00,251.3516000180971,364,20,1.5288000000000003e-05,1,0,False,0.15999999999999998,0.8711999999999998,1.0788096613719298
pawsx-4841__ko_en,pawsx-4841,1,pawsx,ko_en,jev-1.13.0,2026-09-17T01:26:09.369545+00:00,219.72910000476986,400,20,1.6800000000000002e-05,1,1,True,0.08999999999999997,0.33620000000000005,0.527632742082372
pawsx-4841__ko_ko,pawsx-4841,1,pawsx,ko_ko,jev-1.13.0,2026-09-17T01:26:09.593658+00:00,252.69950000802055,413,20,1.7346000000000003e-05,1,1,True,0.06000000000000005,0.38719999999999993,0.579818495252942
pawsx-7647__en_en,pawsx-7647,1,pawsx,en_en,jev-1.13.0,2026-09-17T01:26:09.850965+00:00,211.2026000104379,338,20,1.4196000000000003e-05,1,1,True,0.47,0.0018000000000000032,0.030459207484708574
pawsx-7647__ko_en,pawsx-7647,1,pawsx,ko_en,jev-1.13.0,2026-09-17T01:26:10.066183+00:00,219.82860000571236,355,20,1.4910000000000001e-05,1,1,True,0.050000000000000044,0.4049999999999999,0.5978370007556204
pawsx-7647__ko_ko,pawsx-7647,1,pawsx,ko_ko,jev-1.13.0,2026-09-17T01:26:10.290658+00:00,255.22009999258444,368,20,1.5456000000000002e-05,1,1,True,0.07999999999999996,0.35280000000000006,0.5447271754416722
pawsx-4966__en_en,pawsx-4966,1,pawsx,en_en,jev-1.13.0,2026-09-17T01:26:10.549940+00:00,237.1094999834895,364,20,1.5288000000000003e-05,1,1,True,0.47,0.0018000000000000032,0.030459207484708574
pawsx-4966__ko_en,pawsx-4966,1,pawsx,ko_en,jev-1.13.0,2026-09-17T01:26:10.790880+00:00,220.22499999729916,393,20,1.6506e-05,1,0,False,0.44,1.7671999999999999,2.8134107167600364
pawsx-4966__ko_ko,pawsx-4966,1,pawsx,ko_ko,jev-1.13.0,2026-09-17T01:26:11.015091+00:00,212.60749999783002,406,20,1.7052000000000002e-05,1,0,False,0.44,1.7671999999999999,2.8134107167600364
pawsx-1160__en_en,pawsx-1160,1,pawsx,en_en,jev-1.13.0,2026-09-17T01:26:11.232527+00:00,250.17939999816008,368,20,1.5456000000000002e-05,1,1,True,0.09999999999999998,0.32000000000000006,0.5108256237659907
pawsx-1160__ko_en,pawsx-1160,1,pawsx,ko_en,jev-1.13.0,2026-09-17T01:26:11.486853+00:00,202.10550000774674,394,20,1.6548e-05,1,1,True,0.030000000000000027,0.44179999999999997,0.6348782724359695
pawsx-1160__ko_ko,pawsx-1160,1,pawsx,ko_ko,jev-1.13.0,2026-09-17T01:26:11.692762+00:00,220.41730000637472,407,20,1.7094000000000003e-05,1,1,True,0.040000000000000036,0.4231999999999999,0.616186139423817
pawsx-123__en_en,pawsx-123,1,pawsx,en_en,jev-1.13.0,2026-09-17T01:26:11.917128+00:00,327.6352999964729,356,20,1.4952000000000002e-05,1,1,True,0.48,0.0008000000000000014,0.020202707317519466
pawsx-123__ko_en,pawsx-123,1,pawsx,ko_en,jev-1.13.0,2026-09-17T01:26:12.248728+00:00,267.4870000046212,392,20,1.6464000000000004e-05,1,1,True,0.4,0.01999999999999999,0.10536051565782628
pawsx-123__ko_ko,pawsx-123,1,pawsx,ko_ko,jev-1.13.0,2026-09-17T01:26:12.520756+00:00,287.90939997998066,405,20,1.701e-05,1,1,True,0.41000000000000003,0.01619999999999999,0.09431067947124129
pawsx-7036__en_en,pawsx-7036,1,pawsx,en_en,jev-1.13.0,2026-09-17T01:26:12.812632+00:00,215.0170000095386,347,20,1.4574000000000001e-05,1,0,False,0.25,1.125,1.3862943611198906
pawsx-7036__ko_en,pawsx-7036,1,pawsx,ko_en,jev-1.13.0,2026-09-17T01:26:13.031764+00:00,254.82599998940714,393,20,1.6506e-05,1,1,True,0.06000000000000005,0.38719999999999993,0.579818495252942
pawsx-7036__ko_ko,pawsx-7036,1,pawsx,ko_ko,jev-1.13.0,2026-09-17T01:26:13.291978+00:00,224.07339999335818,406,20,1.7052000000000002e-05,1,1,True,0.010000000000000009,0.48019999999999996,0.6733445532637656
pawsx-5309__en_en,pawsx-5309,1,pawsx,en_en,jev-1.13.0,2026-09-17T01:26:13.520094+00:00,197.30090000666678,353,20,1.4826000000000002e-05,1,0,False,0.13,0.7938000000000001,0.9942522733438669
pawsx-5309__ko_en,pawsx-5309,1,pawsx,ko_en,jev-1.13.0,2026-09-17T01:26:13.721438+00:00,226.8863000208512,369,20,1.5498000000000003e-05,1,1,True,0.19999999999999996,0.18000000000000005,0.35667494393873245
pawsx-5309__ko_ko,pawsx-5309,1,pawsx,ko_ko,jev-1.13.0,2026-09-17T01:26:13.952262+00:00,194.4692999823019,382,20,1.6044e-05,1,1,True,0.15000000000000002,0.24499999999999997,0.4307829160924542
pawsx-2992__en_en,pawsx-2992,1,pawsx,en_en,jev-1.13.0,2026-09-17T01:26:14.150217+00:00,243.75250001321547,352,20,1.4784000000000003e-05,1,1,True,0.4,0.01999999999999999,0.10536051565782628
pawsx-2992__ko_en,pawsx-2992,1,pawsx,ko_en,jev-1.13.0,2026-09-17T01:26:14.397914+00:00,200.69830000284128,370,20,1.5540000000000004e-05,1,1,True,0.31999999999999995,0.06480000000000004,0.19845093872383832
pawsx-2992__ko_ko,pawsx-2992,1,pawsx,ko_ko,jev-1.13.0,2026-09-17T01:26:14.602956+00:00,219.97360000386834,383,20,1.6086e-05,1,1,True,0.31000000000000005,0.07219999999999996,0.21072103131565253
pawsx-7803__en_en,pawsx-7803,1,pawsx,en_en,jev-1.13.0,2026-09-17T01:26:14.826484+00:00,202.20560001325794,341,20,1.4322000000000001e-05,1,1,True,0.44999999999999996,0.005000000000000009,0.05129329438755058
pawsx-7803__ko_en,pawsx-7803,1,pawsx,ko_en,jev-1.13.0,2026-09-17T01:26:15.032548+00:00,184.6238000143785,371,20,1.5582e-05,1,0,False,0.04999999999999999,0.6050000000000001,0.7985076962177716
pawsx-7803__ko_ko,pawsx-7803,1,pawsx,ko_ko,jev-1.13.0,2026-09-17T01:26:15.220895+00:00,219.62920000078157,384,20,1.6128000000000002e-05,1,0,False,0.09000000000000002,0.6962000000000002,0.8915981192837836
pawsx-6930__en_en,pawsx-6930,1,pawsx,en_en,jev-1.13.0,2026-09-17T01:26:15.444908+00:00,207.2512999875471,360,20,1.5120000000000003e-05,1,1,True,0.48,0.0008000000000000014,0.020202707317519466
pawsx-6930__ko_en,pawsx-6930,1,pawsx,ko_en,jev-1.13.0,2026-09-17T01:26:15.656255+00:00,194.5242999936454,384,20,1.6128000000000002e-05,1,1,True,0.47,0.0018000000000000032,0.030459207484708574
pawsx-6930__ko_ko,pawsx-6930,1,pawsx,ko_ko,jev-1.13.0,2026-09-17T01:26:15.854733+00:00,261.625000013737,397,20,1.6674000000000003e-05,1,1,True,0.45999999999999996,0.003200000000000006,0.040821994520255166
pawsx-1514__en_en,pawsx-1514,1,pawsx,en_en,jev-1.13.0,2026-09-17T01:26:16.120861+00:00,195.67019998794422,334,20,1.4028000000000002e-05,1,1,True,0.48,0.0008000000000000014,0.020202707317519466
pawsx-1514__ko_en,pawsx-1514,1,pawsx,ko_en,jev-1.13.0,2026-09-17T01:26:16.320632+00:00,204.62720000068657,353,20,1.4826000000000002e-05,1,1,True,0.47,0.0018000000000000032,0.030459207484708574
pawsx-1514__ko_ko,pawsx-1514,1,pawsx,ko_ko,jev-1.13.0,2026-09-17T01:26:16.529455+00:00,187.83939999411814,366,20,1.5372e-05,1,1,True,0.44999999999999996,0.005000000000000009,0.05129329438755058
pawsx-7264__en_en,pawsx-7264,1,pawsx,en_en,jev-1.13.0,2026-09-17T01:26:16.721193+00:00,262.8262999933213,357,20,1.4994000000000002e-05,1,1,True,0.26,0.1152,0.2744368457017603
pawsx-7264__ko_en,pawsx-7264,1,pawsx,ko_en,jev-1.13.0,2026-09-17T01:26:16.987835+00:00,198.65299999946728,380,20,1.5960000000000003e-05,1,1,True,0.35,0.04500000000000001,0.16251892949777494
pawsx-7264__ko_ko,pawsx-7264,1,pawsx,ko_ko,jev-1.13.0,2026-09-17T01:26:17.190086+00:00,192.61850000475533,393,20,1.6506e-05,1,1,True,0.33999999999999997,0.05120000000000002,0.1743533871447778
pawsx-5988__en_en,pawsx-5988,1,pawsx,en_en,jev-1.13.0,2026-09-17T01:26:17.386849+00:00,218.74969999771565,375,20,1.5750000000000003e-05,1,1,True,0.48,0.0008000000000000014,0.020202707317519466
pawsx-5988__ko_en,pawsx-5988,1,pawsx,ko_en,jev-1.13.0,2026-09-17T01:26:17.609160+00:00,230.5435000162106,405,20,1.701e-05,1,1,True,0.39,0.024199999999999996,0.11653381625595151
pawsx-5988__ko_ko,pawsx-5988,1,pawsx,ko_ko,jev-1.13.0,2026-09-17T01:26:17.843737+00:00,193.02370000514202,418,20,1.7556000000000003e-05,1,1,True,0.37,0.033800000000000004,0.13926206733350766
pawsx-4531__en_en,pawsx-4531,1,pawsx,en_en,jev-1.13.0,2026-09-17T01:26:18.041106+00:00,271.55199999106117,346,20,1.4532000000000002e-05,1,1,True,0.45999999999999996,0.003200000000000006,0.040821994520255166
pawsx-4531__ko_en,pawsx-4531,1,pawsx,ko_en,jev-1.13.0,2026-09-17T01:26:18.316179+00:00,192.9738000035286,370,20,1.5540000000000004e-05,1,1,True,0.25,0.125,0.2876820724517809
pawsx-4531__ko_ko,pawsx-4531,1,pawsx,ko_ko,jev-1.13.0,2026-09-17T01:26:18.513163+00:00,234.78739999700338,383,20,1.6086e-05,1,1,True,0.17000000000000004,0.21779999999999994,0.40047756659712525
pawsx-7975__en_en,pawsx-7975,1,pawsx,en_en,jev-1.13.0,2026-09-17T01:26:18.752337+00:00,185.56280000484549,349,20,1.4658000000000003e-05,1,1,True,0.41000000000000003,0.01619999999999999,0.09431067947124129
pawsx-7975__ko_en,pawsx-7975,1,pawsx,ko_en,jev-1.13.0,2026-09-17T01:26:18.942506+00:00,294.2918000044301,393,20,1.6506e-05,1,1,True,0.31999999999999995,0.06480000000000004,0.19845093872383832
pawsx-7975__ko_ko,pawsx-7975,1,pawsx,ko_ko,jev-1.13.0,2026-09-17T01:26:19.240994+00:00,255.108300014399,406,20,1.7052000000000002e-05,1,1,True,0.30000000000000004,0.07999999999999996,0.2231435513142097
kormed-2022-2-69__ko_en,kormed-2022-2-69,2,kormed,ko_en,jev-1.13.0,2026-09-17T01:26:53.646741+00:00,649.856500007445,535,52,2.2470000000000003e-05,5,5,True,0.99,0.0,-0.0
kormed-2022-2-69__ko_ko,kormed-2022-2-69,2,kormed,ko_ko,jev-1.13.0,2026-09-17T01:26:54.300450+00:00,224.90440000547096,549,52,2.3058000000000002e-05,5,5,True,0.99,0.0,-0.0
kormed-2022-2-8__ko_en,kormed-2022-2-8,2,kormed,ko_en,jev-1.13.0,2026-09-17T01:26:54.528550+00:00,196.41279999632388,434,52,1.8228000000000002e-05,4,4,True,0.98,0.0002000000000000002,0.01005033585350145
kormed-2022-2-8__ko_ko,kormed-2022-2-8,2,kormed,ko_ko,jev-1.13.0,2026-09-17T01:26:54.728120+00:00,249.91879999288358,448,52,1.8816000000000004e-05,4,4,True,0.96,0.0008000000000000008,0.020202707317519466
kormed-2022-1-67__ko_en,kormed-2022-1-67,2,kormed,ko_en,jev-1.13.0,2026-09-17T01:26:54.981141+00:00,202.94930000090972,496,52,2.0832000000000003e-05,2,2,True,1.0,0.0,-0.0
kormed-2022-1-67__ko_ko,kormed-2022-1-67,2,kormed,ko_ko,jev-1.13.0,2026-09-17T01:26:55.187778+00:00,186.6456000134349,510,52,2.142e-05,2,2,True,1.0,0.0,-0.0
kormed-2022-2-1__ko_en,kormed-2022-2-1,2,kormed,ko_en,jev-1.13.0,2026-09-17T01:26:55.377623+00:00,201.05239999247715,481,52,2.0202000000000004e-05,2,3,False,0.44,0.6920000000000001,0.9942522733438669
kormed-2022-2-1__ko_ko,kormed-2022-2-1,2,kormed,ko_ko,jev-1.13.0,2026-09-17T01:26:55.582897+00:00,184.06579998554662,495,52,2.0790000000000003e-05,2,3,False,0.39,0.5984,0.8675005677047231
kormed-2022-1-4__ko_en,kormed-2022-1-4,2,kormed,ko_en,jev-1.13.0,2026-09-17T01:26:55.770801+00:00,217.94509998289868,591,52,2.4822000000000004e-05,3,3,True,0.74,0.05599999999999999,0.23572233352106983
kormed-2022-1-4__ko_ko,kormed-2022-1-4,2,kormed,ko_ko,jev-1.13.0,2026-09-17T01:26:55.992992+00:00,234.48600000119768,605,52,2.5410000000000002e-05,3,3,True,0.72,0.0672,0.2613647641344075
kormed-2022-1-59__ko_en,kormed-2022-1-59,2,kormed,ko_en,jev-1.13.0,2026-09-17T01:26:56.231534+00:00,225.6692000082694,450,52,1.8900000000000002e-05,5,5,True,0.91,0.007599999999999993,0.07257069283483537
kormed-2022-1-59__ko_ko,kormed-2022-1-59,2,kormed,ko_ko,jev-1.13.0,2026-09-17T01:26:56.461508+00:00,205.91700001386926,464,52,1.9488000000000004e-05,5,5,True,0.89,0.011199999999999995,0.09431067947124129
kormed-2022-3-4__ko_en,kormed-2022-3-4,2,kormed,ko_en,jev-1.13.0,2026-09-17T01:26:56.671716+00:00,201.64329998078756,638,52,2.6796000000000002e-05,4,4,True,0.95,0.0014000000000000017,0.030459207484708574
kormed-2022-3-4__ko_ko,kormed-2022-3-4,2,kormed,ko_ko,jev-1.13.0,2026-09-17T01:26:56.877373+00:00,239.29209998459555,652,52,2.7384000000000004e-05,4,4,True,0.96,0.0022000000000000027,0.040821994520255166
kormed-2022-1-32__ko_en,kormed-2022-1-32,2,kormed,ko_en,jev-1.13.0,2026-09-17T01:26:57.120951+00:00,232.5593999994453,539,52,2.2638000000000002e-05,1,1,True,0.97,0.0006000000000000007,0.020202707317519466
kormed-2022-1-32__ko_ko,kormed-2022-1-32,2,kormed,ko_ko,jev-1.13.0,2026-09-17T01:26:57.357497+00:00,243.12560001271777,553,52,2.3226000000000004e-05,1,1,True,0.98,0.0006000000000000007,0.020202707317519466
kormed-2022-1-10__ko_en,kormed-2022-1-10,2,kormed,ko_en,jev-1.13.0,2026-09-17T01:26:57.604455+00:00,203.7242999940645,424,52,1.7808000000000003e-05,3,4,False,0.26,0.6575999999999999,1.1086626245216111
kormed-2022-1-10__ko_ko,kormed-2022-1-10,2,kormed,ko_ko,jev-1.13.0,2026-09-17T01:26:57.811591+00:00,258.9993000146933,438,52,1.8396e-05,3,4,False,0.25,0.6311999999999999,1.0788096613719298
kormed-2022-4-23__ko_en,kormed-2022-4-23,2,kormed,ko_en,jev-1.13.0,2026-09-17T01:26:58.075138+00:00,191.1806000280194,605,52,2.5410000000000002e-05,5,5,True,1.0,0.0,-0.0
kormed-2022-4-23__ko_ko,kormed-2022-4-23,2,kormed,ko_ko,jev-1.13.0,2026-09-17T01:26:58.270568+00:00,217.18330000294372,619,52,2.5998000000000004e-05,5,5,True,1.0,0.0,-0.0
kormed-2022-1-17__ko_en,kormed-2022-1-17,2,kormed,ko_en,jev-1.13.0,2026-09-17T01:26:58.491427+00:00,225.6309000076726,439,52,1.8438000000000002e-05,5,5,True,0.99,0.0002000000000000002,0.01005033585350145
kormed-2022-1-17__ko_ko,kormed-2022-1-17,2,kormed,ko_ko,jev-1.13.0,2026-09-17T01:26:58.720370+00:00,206.04629997978918,453,52,1.9026000000000004e-05,5,5,True,0.99,0.0002000000000000002,0.01005033585350145
kormed-2022-3-71__ko_en,kormed-2022-3-71,2,kormed,ko_en,jev-1.13.0,2026-09-17T01:26:58.930251+00:00,178.476100001717,653,52,2.7426000000000005e-05,3,1,False,0.47,0.8684,1.3093333199837622
kormed-2022-3-71__ko_ko,kormed-2022-3-71,2,kormed,ko_ko,jev-1.13.0,2026-09-17T01:26:59.112701+00:00,210.49570001196116,667,52,2.8014000000000003e-05,3,1,False,0.54,0.9453999999999999,1.3093333199837622
kormed-2022-2-50__ko_en,kormed-2022-2-50,2,kormed,ko_en,jev-1.13.0,2026-09-17T01:26:59.327464+00:00,280.27690001181327,605,52,2.5410000000000002e-05,1,1,True,0.98,0.0002000000000000002,0.01005033585350145
kormed-2022-2-50__ko_ko,kormed-2022-2-50,2,kormed,ko_ko,jev-1.13.0,2026-09-17T01:26:59.611448+00:00,199.8301999992691,619,52,2.5998000000000004e-05,1,1,True,0.98,0.0002000000000000002,0.01005033585350145
kormed-2022-2-45__ko_en,kormed-2022-2-45,2,kormed,ko_en,jev-1.13.0,2026-09-17T01:26:59.815296+00:00,242.88480001268908,697,52,2.9274000000000005e-05,5,5,True,0.98,0.0002000000000000002,0.01005033585350145
kormed-2022-2-45__ko_ko,kormed-2022-2-45,2,kormed,ko_ko,jev-1.13.0,2026-09-17T01:27:00.062070+00:00,215.58960000402294,711,52,2.9862000000000003e-05,5,5,True,0.97,0.0008000000000000008,0.020202707317519466
kormed-2022-1-79__ko_en,kormed-2022-1-79,2,kormed,ko_en,jev-1.13.0,2026-09-17T01:27:00.282459+00:00,214.3017000053078,736,52,3.0912000000000005e-05,5,5,True,0.61,0.14200000000000004,0.37106368139083207
kormed-2022-1-79__ko_ko,kormed-2022-1-79,2,kormed,ko_ko,jev-1.13.0,2026-09-17T01:27:00.500339+00:00,180.45600000186823,750,52,3.150000000000001e-05,5,5,True,0.67,0.10940000000000001,0.31471074483970024
kormed-2022-1-70__ko_en,kormed-2022-1-70,2,kormed,ko_en,jev-1.13.0,2026-09-17T01:27:00.684357+00:00,181.87580001540482,422,52,1.7724000000000002e-05,4,4,True,0.4,0.376,0.6348782724359695
kormed-2022-1-70__ko_ko,kormed-2022-1-70,2,kormed,ko_ko,jev-1.13.0,2026-09-17T01:27:00.870159+00:00,194.70110000111163,436,52,1.8312000000000004e-05,4,4,True,0.45,0.32019999999999993,0.579818495252942
kormed-2022-1-63__ko_en,kormed-2022-1-63,2,kormed,ko_en,jev-1.13.0,2026-09-17T01:27:01.068784+00:00,181.63939999067225,544,52,2.2848000000000002e-05,1,1,True,0.37,0.4442,0.6733445532637656
kormed-2022-1-63__ko_ko,kormed-2022-1-63,2,kormed,ko_ko,jev-1.13.0,2026-09-17T01:27:01.254610+00:00,182.43279997841455,558,52,2.3436000000000004e-05,1,1,True,0.44,0.3625999999999999,0.579818495252942
kormed-2022-3-7__ko_en,kormed-2022-3-7,2,kormed,ko_en,jev-1.13.0,2026-09-17T01:27:01.441895+00:00,178.8698000018485,566,52,2.3772000000000002e-05,1,1,True,0.32,0.39120000000000005,0.7985076962177716
kormed-2022-3-7__ko_ko,kormed-2022-3-7,2,kormed,ko_ko,jev-1.13.0,2026-09-17T01:27:01.624348+00:00,178.18759998772293,580,52,2.4360000000000004e-05,1,1,True,0.19,0.549,1.07880966137193
kormed-2022-1-18__ko_en,kormed-2022-1-18,2,kormed,ko_en,jev-1.13.0,2026-09-17T01:27:01.806583+00:00,182.78529998497106,506,52,2.1252000000000003e-05,3,1,False,0.81,1.5726,2.5257286443082556
kormed-2022-1-18__ko_ko,kormed-2022-1-18,2,kormed,ko_ko,jev-1.13.0,2026-09-17T01:27:01.993321+00:00,241.6244999913033,520,52,2.1840000000000004e-05,3,1,False,0.77,1.4443424140393837,2.11021320034659
kormed-2022-4-22__ko_en,kormed-2022-4-22,2,kormed,ko_en,jev-1.13.0,2026-09-17T01:32:18.286532+00:00,633.5329000139609,604,52,2.5368000000000002e-05,4,4,True,0.92,0.005509641873278243,0.06252035698133405
kormed-2022-4-22__ko_ko,kormed-2022-4-22,2,kormed,ko_ko,jev-1.13.0,2026-09-17T01:32:18.923901+00:00,187.1699999901466,618,52,2.5956000000000004e-05,4,4,True,0.92,0.005000000000000006,0.06187540371808753
kormed-2022-1-12__ko_en,kormed-2022-1-12,2,kormed,ko_en,jev-1.13.0,2026-09-17T01:32:19.114852+00:00,239.3533000140451,498,52,2.0916000000000004e-05,2,5,False,0.57,1.3314000000000001,2.5257286443082556
kormed-2022-1-12__ko_ko,kormed-2022-1-12,2,kormed,ko_ko,jev-1.13.0,2026-09-17T01:32:19.357374+00:00,237.94210000778548,512,52,2.1504000000000003e-05,2,5,False,0.56,1.3190000000000002,2.5257286443082556
kormed-2022-1-47__ko_en,kormed-2022-1-47,2,kormed,ko_en,jev-1.13.0,2026-09-17T01:32:19.598905+00:00,193.3255000039935,536,52,2.2512000000000004e-05,1,1,True,0.97,0.0006000000000000007,0.020202707317519466
kormed-2022-1-47__ko_ko,kormed-2022-1-47,2,kormed,ko_ko,jev-1.13.0,2026-09-17T01:32:19.795144+00:00,185.79690001206473,550,52,2.3100000000000002e-05,1,1,True,0.99,0.0,-0.0
kormed-2022-3-28__ko_en,kormed-2022-3-28,2,kormed,ko_en,jev-1.13.0,2026-09-17T01:32:19.984386+00:00,244.03289999463595,518,52,2.1756000000000003e-05,1,1,True,1.0,0.0,-0.0
kormed-2022-3-28__ko_ko,kormed-2022-3-28,2,kormed,ko_ko,jev-1.13.0,2026-09-17T01:32:20.232253+00:00,223.0326999851968,532,52,2.2344e-05,1,1,True,1.0,0.0,-0.0
kormed-2022-1-60__ko_en,kormed-2022-1-60,2,kormed,ko_en,jev-1.13.0,2026-09-17T01:32:20.459492+00:00,209.50959998299368,537,52,2.2554000000000005e-05,4,4,True,0.97,0.0006000000000000007,0.020202707317519466
kormed-2022-1-60__ko_ko,kormed-2022-1-60,2,kormed,ko_ko,jev-1.13.0,2026-09-17T01:32:20.673492+00:00,244.22669998602942,551,52,2.3142000000000003e-05,4,4,True,0.99,0.0,-0.0
kormed-2022-1-77__ko_en,kormed-2022-1-77,2,kormed,ko_en,jev-1.13.0,2026-09-17T01:32:20.922324+00:00,249.53260002075695,540,52,2.2680000000000003e-05,1,1,True,0.24,0.5034,0.941608539858445
kormed-2022-1-77__ko_ko,kormed-2022-1-77,2,kormed,ko_ko,jev-1.13.0,2026-09-17T01:32:21.176529+00:00,195.33550000051036,554,52,2.3268e-05,1,5,False,0.19,0.6571999999999999,1.171182981502945
kormed-2022-1-31__ko_en,kormed-2022-1-31,2,kormed,ko_en,jev-1.13.0,2026-09-17T01:32:21.375782+00:00,665.4190999979619,587,52,2.4654000000000005e-05,5,5,True,0.96,0.0014000000000000017,0.030459207484708574
kormed-2022-1-31__ko_ko,kormed-2022-1-31,2,kormed,ko_ko,jev-1.13.0,2026-09-17T01:32:22.045298+00:00,230.9178999857977,601,52,2.5242000000000003e-05,5,5,True,0.95,0.002600000000000003,0.040821994520255166
kormed-2022-4-16__ko_en,kormed-2022-4-16,2,kormed,ko_en,jev-1.13.0,2026-09-17T01:32:22.279952+00:00,213.010800012853,511,52,2.1462000000000002e-05,1,1,True,0.98,0.0006000000000000007,0.020202707317519466
kormed-2022-4-16__ko_ko,kormed-2022-4-16,2,kormed,ko_ko,jev-1.13.0,2026-09-17T01:32:22.496820+00:00,210.8693000045605,525,52,2.2050000000000004e-05,1,1,True,0.98,0.0002000000000000002,0.01005033585350145
kormed-2022-1-7__ko_en,kormed-2022-1-7,2,kormed,ko_en,jev-1.13.0,2026-09-17T01:32:22.711423+00:00,196.425400004955,489,52,2.0538000000000002e-05,4,1,False,0.37,1.1836,2.5257286443082556
kormed-2022-1-7__ko_ko,kormed-2022-1-7,2,kormed,ko_ko,jev-1.13.0,2026-09-17T01:32:22.912024+00:00,266.4055999775883,503,52,2.1126000000000004e-05,4,1,False,0.25,1.099,2.3025850929940455
kormed-2022-3-58__ko_en,kormed-2022-3-58,2,kormed,ko_en,jev-1.13.0,2026-09-17T01:32:23.182436+00:00,187.4816999770701,695,52,2.9190000000000003e-05,4,4,True,0.96,0.0014000000000000017,0.030459207484708574
kormed-2022-3-58__ko_ko,kormed-2022-3-58,2,kormed,ko_ko,jev-1.13.0,2026-09-17T01:32:23.374098+00:00,233.93799999030307,709,52,2.9778000000000005e-05,4,4,True,0.96,0.0014000000000000017,0.030459207484708574
kormed-2022-1-13__ko_en,kormed-2022-1-13,2,kormed,ko_en,jev-1.13.0,2026-09-17T01:32:23.612567+00:00,237.8636000212282,481,52,2.0202000000000004e-05,1,1,True,0.71,0.0764,0.2613647641344075
kormed-2022-1-13__ko_ko,kormed-2022-1-13,2,kormed,ko_ko,jev-1.13.0,2026-09-17T01:32:23.854303+00:00,172.05850000027567,495,52,2.0790000000000003e-05,1,1,True,0.71,0.07759999999999999,0.2613647641344075
kormed-2022-1-27__ko_en,kormed-2022-1-27,2,kormed,ko_en,jev-1.13.0,2026-09-17T01:32:24.031035+00:00,196.16510000196286,605,52,2.5410000000000002e-05,4,4,True,0.94,0.004200000000000004,0.05129329438755058
kormed-2022-1-27__ko_ko,kormed-2022-1-27,2,kormed,ko_ko,jev-1.13.0,2026-09-17T01:32:24.230634+00:00,218.13540000584908,619,52,2.5998000000000004e-05,4,4,True,0.93,0.004200000000000004,0.05129329438755058
kormed-2022-2-51__ko_en,kormed-2022-2-51,2,kormed,ko_en,jev-1.13.0,2026-09-17T01:32:24.452898+00:00,183.85130001115613,498,52,2.0916000000000004e-05,1,1,True,0.88,0.012199999999999996,0.09431067947124129
kormed-2022-2-51__ko_ko,kormed-2022-2-51,2,kormed,ko_ko,jev-1.13.0,2026-09-17T01:32:24.640939+00:00,210.55220000562258,512,52,2.1504000000000003e-05,1,1,True,0.95,0.002400000000000003,0.040821994520255166
kormed-2022-2-53__ko_en,kormed-2022-2-53,2,kormed,ko_en,jev-1.13.0,2026-09-17T01:32:24.855708+00:00,208.03709997562692,582,52,2.4444000000000002e-05,4,4,True,0.91,0.010199999999999994,0.08338160893905101
kormed-2022-2-53__ko_ko,kormed-2022-2-53,2,kormed,ko_ko,jev-1.13.0,2026-09-17T01:32:25.068629+00:00,208.49610000732355,596,52,2.5032000000000004e-05,4,4,True,0.9,0.010199999999999994,0.08338160893905101
kormed-2022-1-36__ko_en,kormed-2022-1-36,2,kormed,ko_en,jev-1.13.0,2026-09-17T01:32:25.281475+00:00,226.97630000766367,698,52,2.9316000000000005e-05,3,5,False,0.77,1.4116,1.8971199848858813
kormed-2022-1-36__ko_ko,kormed-2022-1-36,2,kormed,ko_ko,jev-1.13.0,2026-09-17T01:32:25.512435+00:00,212.84609998110682,712,52,2.9904000000000004e-05,3,5,False,0.85,1.5846,2.3025850929940455
kormed-2022-1-19__ko_en,kormed-2022-1-19,2,kormed,ko_en,jev-1.13.0,2026-09-17T01:32:25.729344+00:00,217.56920000188984,462,52,1.9404000000000003e-05,5,4,False,0.38,0.8855999999999999,1.4696759700589417
kormed-2022-1-19__ko_ko,kormed-2022-1-19,2,kormed,ko_ko,jev-1.13.0,2026-09-17T01:32:25.950847+00:00,222.0806000113953,476,52,1.9992e-05,5,4,False,0.41,0.8954,1.4696759700589417
kormed-2023-1-9__ko_en,kormed-2023-1-9,2,kormed,ko_en,jev-1.13.0,2026-09-17T01:32:26.176685+00:00,223.5997999960091,450,52,1.8900000000000002e-05,3,1,False,0.13,0.9229999999999999,1.8971199848858813
kormed-2023-1-9__ko_ko,kormed-2023-1-9,2,kormed,ko_ko,jev-1.13.0,2026-09-17T01:32:26.404202+00:00,207.99389999592677,464,52,1.9488000000000004e-05,3,1,False,0.1,0.8957999999999999,1.8325814637483102
kormed-2023-2-72__ko_en,kormed-2023-2-72,2,kormed,ko_en,jev-1.13.0,2026-09-17T01:32:26.616050+00:00,199.71800001803786,559,52,2.3478000000000005e-05,5,5,True,1.0,0.0,-0.0
kormed-2023-2-72__ko_ko,kormed-2023-2-72,2,kormed,ko_ko,jev-1.13.0,2026-09-17T01:32:26.820418+00:00,209.33410001453012,573,52,2.4066000000000003e-05,5,5,True,1.0,0.0,-0.0
kormed-2023-1-74__ko_en,kormed-2023-1-74,2,kormed,ko_en,jev-1.13.0,2026-09-17T01:32:27.033660+00:00,246.13059998955578,468,52,1.9656000000000003e-05,1,1,True,0.93,0.005400000000000006,0.06187540371808753
kormed-2023-1-74__ko_ko,kormed-2023-1-74,2,kormed,ko_ko,jev-1.13.0,2026-09-17T01:32:27.283910+00:00,240.19730000873096,482,52,2.0244e-05,1,1,True,0.95,0.0018000000000000017,0.030459207484708574
kormed-2023-1-79__ko_en,kormed-2023-1-79,2,kormed,ko_en,jev-1.13.0,2026-09-17T01:32:27.528312+00:00,208.9026999892667,544,52,2.2848000000000002e-05,3,4,False,0.62,1.0712,1.4271163556401458
kormed-2023-1-79__ko_ko,kormed-2023-1-79,2,kormed,ko_ko,jev-1.13.0,2026-09-17T01:32:27.741423+00:00,212.86080000572838,558,52,2.3436000000000004e-05,3,4,False,0.64,1.1474,1.5606477482646683
kormed-2023-3-3__ko_en,kormed-2023-3-3,2,kormed,ko_en,jev-1.13.0,2026-09-17T01:32:27.958434+00:00,196.2913000024855,506,52,2.1252000000000003e-05,1,1,True,0.93,0.004600000000000007,0.06187540371808753
kormed-2023-3-3__ko_ko,kormed-2023-3-3,2,kormed,ko_ko,jev-1.13.0,2026-09-17T01:32:49.404854+00:00,567.4566000234336,520,52,2.1840000000000004e-05,1,1,True,0.92,0.006400000000000008,0.0725706928348355
kormed-2023-1-14__ko_en,kormed-2023-1-14,2,kormed,ko_en,jev-1.13.0,2026-09-17T01:32:49.976289+00:00,223.79750001709908,449,52,1.8858e-05,5,4,False,0.65,1.0966,1.4271163556401458
kormed-2023-1-14__ko_ko,kormed-2023-1-14,2,kormed,ko_ko,jev-1.13.0,2026-09-17T01:32:50.204893+00:00,221.90440000849776,463,52,1.9446000000000003e-05,5,4,False,0.6,0.9536000000000001,1.2378743560016174
kormed-2023-1-20__ko_en,kormed-2023-1-20,2,kormed,ko_en,jev-1.13.0,2026-09-17T01:32:50.431157+00:00,216.48490001098253,584,52,2.4528000000000003e-05,5,5,True,0.93,0.004600000000000007,0.06187540371808753
kormed-2023-1-20__ko_ko,kormed-2023-1-20,2,kormed,ko_ko,jev-1.13.0,2026-09-17T01:32:50.652157+00:00,252.95970001025125,598,52,2.5116000000000005e-05,5,5,True,0.92,0.0063999999999999925,0.07257069283483537
kormed-2023-1-19__ko_en,kormed-2023-1-19,2,kormed,ko_en,jev-1.13.0,2026-09-17T01:32:50.909801+00:00,213.38140001171269,469,52,1.9698000000000004e-05,3,3,True,0.68,0.11020000000000002,0.3011050927839216
kormed-2023-1-19__ko_ko,kormed-2023-1-19,2,kormed,ko_ko,jev-1.13.0,2026-09-17T01:32:51.127797+00:00,232.05510000116192,483,52,2.0286000000000002e-05,3,3,True,0.79,0.040200000000000014,0.1743533871447778
kormed-2023-1-16__ko_en,kormed-2023-1-16,2,kormed,ko_en,jev-1.13.0,2026-09-17T01:32:51.364225+00:00,231.49669999838807,438,52,1.8396e-05,3,3,True,0.68,0.08960000000000001,0.3011050927839216
kormed-2023-1-16__ko_ko,kormed-2023-1-16,2,kormed,ko_ko,jev-1.13.0,2026-09-17T01:32:51.600407+00:00,210.79710000776686,452,52,1.8984000000000003e-05,3,3,True,0.69,0.0764,0.2744368457017603
kormed-2023-1-3__ko_en,kormed-2023-1-3,2,kormed,ko_en,jev-1.13.0,2026-09-17T01:32:51.815353+00:00,286.6249999788124,493,52,2.0706e-05,3,3,True,0.21,0.512,0.9942522733438669
kormed-2023-1-3__ko_ko,kormed-2023-1-3,2,kormed,ko_ko,jev-1.13.0,2026-09-17T01:32:52.105380+00:00,249.60069998633116,507,52,2.1294000000000003e-05,3,3,True,0.17,0.5741999999999999,1.1086626245216111
kormed-2023-1-13__ko_en,kormed-2023-1-13,2,kormed,ko_en,jev-1.13.0,2026-09-17T01:32:52.359093+00:00,314.2627000052016,450,52,1.8900000000000002e-05,4,5,False,0.51,0.8815999999999999,1.2378743560016174
kormed-2023-1-13__ko_ko,kormed-2023-1-13,2,kormed,ko_ko,jev-1.13.0,2026-09-17T01:32:52.676872+00:00,197.65339998411946,464,52,1.9488000000000004e-05,4,5,False,0.49,0.8253999999999999,1.1394342831883648
kormed-2023-3-25__ko_en,kormed-2023-3-25,2,kormed,ko_en,jev-1.13.0,2026-09-17T01:32:52.878757+00:00,244.68589999014512,545,52,2.2890000000000003e-05,1,1,True,0.97,0.0006000000000000007,0.020202707317519466
kormed-2023-3-25__ko_ko,kormed-2023-3-25,2,kormed,ko_ko,jev-1.13.0,2026-09-17T01:32:53.127276+00:00,212.64810001594014,559,52,2.3478000000000005e-05,1,1,True,0.98,0.0002000000000000002,0.01005033585350145
kormed-2023-2-53__ko_en,kormed-2023-2-53,2,kormed,ko_en,jev-1.13.0,2026-09-17T01:32:53.344313+00:00,248.68870002683252,518,52,2.1756000000000003e-05,4,4,True,0.99,0.0,-0.0
kormed-2023-2-53__ko_ko,kormed-2023-2-53,2,kormed,ko_ko,jev-1.13.0,2026-09-17T01:32:53.596941+00:00,230.63179999007843,532,52,2.2344e-05,4,4,True,0.99,0.0,-0.0
kormed-2023-1-15__ko_en,kormed-2023-1-15,2,kormed,ko_en,jev-1.13.0,2026-09-17T01:32:53.831926+00:00,272.03030002419837,441,52,1.8522000000000003e-05,1,1,True,0.92,0.007200000000000007,0.06187540371808753
kormed-2023-1-15__ko_ko,kormed-2023-1-15,2,kormed,ko_ko,jev-1.13.0,2026-09-17T01:32:54.108770+00:00,231.64830001769587,455,52,1.911e-05,1,1,True,0.9,0.012799999999999994,0.08338160893905101
kormed-2023-3-32__ko_en,kormed-2023-3-32,2,kormed,ko_en,jev-1.13.0,2026-09-17T01:32:54.345313+00:00,228.97729999385774,478,52,2.0076000000000002e-05,5,4,False,0.62,0.9942,1.2378743560016174
kormed-2023-3-32__ko_ko,kormed-2023-3-32,2,kormed,ko_ko,jev-1.13.0,2026-09-17T01:32:54.578614+00:00,215.63190000597388,492,52,2.0664000000000004e-05,5,4,False,0.67,1.1102,1.3862943611198906
kormed-2023-1-36__ko_en,kormed-2023-1-36,2,kormed,ko_en,jev-1.13.0,2026-09-17T01:32:54.798672+00:00,273.50209999713115,503,52,2.1126000000000004e-05,5,5,True,0.96,0.0008000000000000008,0.020202707317519466
kormed-2023-1-36__ko_ko,kormed-2023-1-36,2,kormed,ko_ko,jev-1.13.0,2026-09-17T01:32:55.075757+00:00,199.18040002812631,517,52,2.1714000000000003e-05,5,5,True,0.96,0.0008000000000000008,0.020202707317519466
kormed-2023-1-45__ko_en,kormed-2023-1-45,2,kormed,ko_en,jev-1.13.0,2026-09-17T01:32:55.278871+00:00,198.41700000688434,475,52,1.9950000000000004e-05,2,2,True,0.99,0.0,-0.0
kormed-2023-1-45__ko_ko,kormed-2023-1-45,2,kormed,ko_ko,jev-1.13.0,2026-09-17T01:32:55.481493+00:00,239.4829000113532,489,52,2.0538000000000002e-05,2,2,True,1.0,0.0,-0.0
kormed-2023-1-42__ko_en,kormed-2023-1-42,2,kormed,ko_en,jev-1.13.0,2026-09-17T01:32:55.725638+00:00,233.01279998850077,595,52,2.4990000000000003e-05,1,1,True,0.73,0.073,0.2484613592984996
kormed-2023-1-42__ko_ko,kormed-2023-1-42,2,kormed,ko_ko,jev-1.13.0,2026-09-17T01:32:55.962481+00:00,222.27460000431165,609,52,2.5578000000000005e-05,1,1,True,0.73,0.079,0.2484613592984996
kormed-2023-1-69__ko_en,kormed-2023-1-69,2,kormed,ko_en,jev-1.13.0,2026-09-17T01:32:56.188488+00:00,235.3554000146687,456,52,1.9152000000000002e-05,2,2,True,0.98,0.0002000000000000002,0.01005033585350145
kormed-2023-1-69__ko_ko,kormed-2023-1-69,2,kormed,ko_ko,jev-1.13.0,2026-09-17T01:32:56.428155+00:00,231.8667999934405,470,52,1.9740000000000004e-05,2,2,True,0.97,0.0002000000000000002,0.01005033585350145
kormed-2023-1-65__ko_en,kormed-2023-1-65,2,kormed,ko_en,jev-1.13.0,2026-09-17T01:32:56.664341+00:00,245.80999999307096,516,52,2.1672000000000002e-05,1,1,True,0.78,0.051600000000000014,0.18632957819149348
kormed-2023-1-65__ko_ko,kormed-2023-1-65,2,kormed,ko_ko,jev-1.13.0,2026-09-17T01:32:56.914218+00:00,253.51550002233125,530,52,2.2260000000000004e-05,1,1,True,0.75,0.06652382409958169,0.21309321546070834
kormed-2023-3-79__ko_en,kormed-2023-3-79,2,kormed,ko_en,jev-1.13.0,2026-09-17T01:32:57.172400+00:00,212.7932999865152,553,52,2.3226000000000004e-05,4,4,True,0.96,0.0014000000000000017,0.030459207484708574
kormed-2023-3-79__ko_ko,kormed-2023-3-79,2,kormed,ko_ko,jev-1.13.0,2026-09-17T01:32:57.389666+00:00,207.6725999941118,567,52,2.3814000000000003e-05,4,4,True,0.97,0.0002000000000000002,0.01005033585350145
kormed-2023-4-64__ko_en,kormed-2023-4-64,2,kormed,ko_en,jev-1.13.0,2026-09-17T01:32:57.602830+00:00,212.63359999284148,569,52,2.3898000000000004e-05,3,3,True,0.86,0.019,0.11653381625595151
kormed-2023-4-64__ko_ko,kormed-2023-4-64,2,kormed,ko_ko,jev-1.13.0,2026-09-17T01:32:57.819777+00:00,208.14810000592843,583,52,2.4486000000000002e-05,3,3,True,0.94,0.0034000000000000046,0.05129329438755058
kormed-2023-1-59__ko_en,kormed-2023-1-59,2,kormed,ko_en,jev-1.13.0,2026-09-17T01:32:58.031944+00:00,222.9741000046488,503,52,2.1126000000000004e-05,4,4,True,0.96,0.0014000000000000017,0.030459207484708574
kormed-2023-1-59__ko_ko,kormed-2023-1-59,2,kormed,ko_ko,jev-1.13.0,2026-09-17T01:32:58.258655+00:00,219.85540000605397,517,52,2.1714000000000003e-05,4,4,True,0.93,0.006200000000000007,0.06187540371808753
kormed-2023-1-66__ko_en,kormed-2023-1-66,2,kormed,ko_en,jev-1.13.0,2026-09-17T01:32:58.482495+00:00,217.0948999992106,554,52,2.3268e-05,4,4,True,0.97,0.0008000000000000008,0.020202707317519466
kormed-2023-1-66__ko_ko,kormed-2023-1-66,2,kormed,ko_ko,jev-1.13.0,2026-09-17T01:32:58.703746+00:00,203.07769998908043,568,52,2.3856000000000003e-05,4,4,True,0.93,0.0050000000000000044,0.05129329438755058
kormed-2023-1-61__ko_en,kormed-2023-1-61,2,kormed,ko_en,jev-1.13.0,2026-09-17T01:32:58.911598+00:00,217.87849999964237,485,52,2.0370000000000003e-05,3,3,True,0.9,0.009799999999999994,0.08338160893905101
kormed-2023-1-61__ko_ko,kormed-2023-1-61,2,kormed,ko_ko,jev-1.13.0,2026-09-17T01:32:59.133896+00:00,249.0649000101257,499,52,2.0958e-05,3,3,True,0.91,0.007399999999999993,0.07257069283483537
kormed-2023-1-78__ko_en,kormed-2023-1-78,2,kormed,ko_en,jev-1.13.0,2026-09-17T01:32:59.387119+00:00,233.34210002212785,555,52,2.3310000000000002e-05,5,5,True,0.62,0.14820000000000003,0.342490308946776
kormed-2023-1-78__ko_ko,kormed-2023-1-78,2,kormed,ko_ko,jev-1.13.0,2026-09-17T01:32:59.625263+00:00,215.80659999744967,569,52,2.3898000000000004e-05,5,5,True,0.61,0.16120000000000004,0.37106368139083207
kormed-2023-1-6__ko_en,kormed-2023-1-6,2,kormed,ko_en,jev-1.13.0,2026-09-17T01:32:59.845607+00:00,217.23110001767054,450,52,1.8900000000000002e-05,5,3,False,0.23,0.7978,1.4696759700589417
kormed-2023-1-6__ko_ko,kormed-2023-1-6,2,kormed,ko_ko,jev-1.13.0,2026-09-17T01:33:00.066868+00:00,219.8375999869313,464,52,1.9488000000000004e-05,5,3,False,0.25,0.938,1.7719568419318752
kormed-2023-1-12__ko_en,kormed-2023-1-12,2,kormed,ko_en,jev-1.13.0,2026-09-17T01:33:00.290536+00:00,205.78330001444556,446,52,1.8732000000000003e-05,5,5,True,0.34,0.47500000000000003,0.7339691750802004
kormed-2023-1-12__ko_ko,kormed-2023-1-12,2,kormed,ko_ko,jev-1.13.0,2026-09-17T01:33:00.500357+00:00,199.88539998303168,460,52,1.932e-05,5,5,True,0.33,0.47000000000000003,0.7550225842780327
kormed-2023-1-18__ko_en,kormed-2023-1-18,2,kormed,ko_en,jev-1.13.0,2026-09-17T01:33:00.704510+00:00,208.7208000011742,406,52,1.7052000000000002e-05,3,3,True,0.17,0.5717999999999999,1.0788096613719298
kormed-2023-1-18__ko_ko,kormed-2023-1-18,2,kormed,ko_ko,jev-1.13.0,2026-09-17T01:33:00.917416+00:00,212.54539999063127,420,52,1.7640000000000004e-05,3,3,True,0.25,0.45659999999999995,0.8915981192837835
kormed-2023-1-62__ko_en,kormed-2023-1-62,2,kormed,ko_en,jev-1.13.0,2026-09-17T01:33:01.133976+00:00,210.70399999734946,534,52,2.2428000000000003e-05,3,3,True,0.46,0.2624,0.5621189181535413
kormed-2023-1-62__ko_ko,kormed-2023-1-62,2,kormed,ko_ko,jev-1.13.0,2026-09-17T01:33:01.348849+00:00,236.08919998514466,548,52,2.3016000000000005e-05,3,3,True,0.4,0.33799999999999997,0.6539264674066639
kormed-2023-2-19__ko_en,kormed-2023-2-19,2,kormed,ko_en,jev-1.13.0,2026-09-17T01:33:01.589237+00:00,248.8663000112865,538,52,2.2596000000000002e-05,4,4,True,0.98,0.0002000000000000002,0.01005033585350145
kormed-2023-2-19__ko_ko,kormed-2023-2-19,2,kormed,ko_ko,jev-1.13.0,2026-09-17T01:33:01.842245+00:00,200.35960001405329,552,52,2.3184000000000004e-05,4,4,True,0.97,0.0008000000000000008,0.020202707317519466
kormed-2023-1-33__ko_en,kormed-2023-1-33,2,kormed,ko_en,jev-1.13.0,2026-09-17T01:33:02.046651+00:00,236.30699998466298,511,52,2.1462000000000002e-05,5,5,True,0.71,0.10579999999999999,0.2613647641344075
kormed-2023-1-33__ko_ko,kormed-2023-1-33,2,kormed,ko_ko,jev-1.13.0,2026-09-17T01:33:02.287461+00:00,232.80450000311248,525,52,2.2050000000000004e-05,5,5,True,0.6,0.19219999999999998,0.3710636813908319
kormed-2023-2-61__ko_en,kormed-2023-2-61,2,kormed,ko_en,jev-1.13.0,2026-09-17T01:33:02.525117+00:00,235.1224000158254,480,52,2.0160000000000003e-05,2,2,True,0.85,0.0222,0.11653381625595151
kormed-2023-2-61__ko_ko,kormed-2023-2-61,2,kormed,ko_ko,jev-1.13.0,2026-09-17T01:33:02.764582+00:00,222.60670000105165,494,52,2.0748000000000002e-05,2,2,True,0.81,0.04280000000000001,0.1743533871447778
kormed-2024-1-25__ko_en,kormed-2024-1-25,2,kormed,ko_en,jev-1.13.0,2026-09-17T01:33:02.991656+00:00,235.78009998891503,608,52,2.5536000000000004e-05,1,5,False,0.61,1.1947999999999999,1.8325814637483102
kormed-2024-1-25__ko_ko,kormed-2024-1-25,2,kormed,ko_ko,jev-1.13.0,2026-09-17T01:33:03.996981+00:00,208.65860002231784,622,52,2.6124000000000003e-05,1,5,False,0.35,0.8466,1.3862943611198906
kormed-2024-3-13__ko_en,kormed-2024-3-13,2,kormed,ko_en,jev-1.13.0,2026-09-17T01:33:04.210022+00:00,223.34759999648668,500,52,2.1000000000000002e-05,2,2,True,0.8,0.03740000000000001,0.1743533871447778
kormed-2024-3-13__ko_ko,kormed-2024-3-13,2,kormed,ko_ko,jev-1.13.0,2026-09-17T01:33:04.437354+00:00,207.7370999904815,514,52,2.1588000000000004e-05,2,2,True,0.83,0.024200000000000003,0.13926206733350766
kormed-2024-1-77__ko_en,kormed-2024-1-77,2,kormed,ko_en,jev-1.13.0,2026-09-17T01:33:04.649677+00:00,333.733100007521,559,52,2.3478000000000005e-05,2,2,True,0.86,0.021,0.12783337150988489
kormed-2024-1-77__ko_ko,kormed-2024-1-77,2,kormed,ko_ko,jev-1.13.0,2026-09-17T01:33:04.987641+00:00,209.99880001181737,573,52,2.4066000000000003e-05,2,2,True,0.88,0.014599999999999995,0.10536051565782628
kormed-2024-4-76__ko_en,kormed-2024-4-76,2,kormed,ko_en,jev-1.13.0,2026-09-17T01:33:05.201742+00:00,199.55019999179058,556,52,2.3352000000000003e-05,2,2,True,0.95,0.002600000000000003,0.040821994520255166
kormed-2024-4-76__ko_ko,kormed-2024-4-76,2,kormed,ko_ko,jev-1.13.0,2026-09-17T01:33:05.405226+00:00,198.55260002077557,570,52,2.3940000000000005e-05,2,2,True,0.92,0.006200000000000007,0.06187540371808753
kormed-2024-4-75__ko_en,kormed-2024-4-75,2,kormed,ko_en,jev-1.13.0,2026-09-17T01:33:05.607961+00:00,234.56519999308512,595,52,2.4990000000000003e-05,4,4,True,0.97,0.0008000000000000008,0.020202707317519466
kormed-2024-4-75__ko_ko,kormed-2024-4-75,2,kormed,ko_ko,jev-1.13.0,2026-09-17T01:33:05.846952+00:00,200.19350000075065,609,52,2.5578000000000005e-05,4,4,True,0.95,0.003200000000000003,0.040821994520255166
kormed-2024-3-64__ko_en,kormed-2024-3-64,2,kormed,ko_en,jev-1.13.0,2026-09-17T01:33:06.051565+00:00,204.5030000153929,557,52,2.3394000000000003e-05,1,1,True,0.98,0.0,-0.0
kormed-2024-3-64__ko_ko,kormed-2024-3-64,2,kormed,ko_ko,jev-1.13.0,2026-09-17T01:33:06.260330+00:00,221.07540001161397,571,52,2.3982000000000002e-05,1,1,True,0.97,0.0012000000000000016,0.030459207484708574
kormed-2024-1-32__ko_en,kormed-2024-1-32,2,kormed,ko_en,jev-1.13.0,2026-09-17T01:33:06.486105+00:00,221.79129999130964,527,52,2.2134000000000002e-05,1,2,False,0.52,1.0430000000000001,1.6094379124341003
kormed-2024-1-32__ko_ko,kormed-2024-1-32,2,kormed,ko_ko,jev-1.13.0,2026-09-17T01:33:06.712374+00:00,245.6569999922067,541,52,2.2722000000000004e-05,1,2,False,0.55,1.0486000000000002,1.5606477482646683
kormed-2024-1-13__ko_en,kormed-2024-1-13,2,kormed,ko_en,jev-1.13.0,2026-09-17T01:33:06.962281+00:00,236.1084000149276,562,52,2.3604000000000003e-05,2,2,True,0.88,0.012199999999999994,0.09431067947124129
kormed-2024-1-13__ko_ko,kormed-2024-1-13,2,kormed,ko_ko,jev-1.13.0,2026-09-17T01:33:07.202319+00:00,209.60460000787862,576,52,2.4192e-05,2,2,True,0.86,0.017599999999999998,0.11653381625595151
kormed-2024-2-69__ko_en,kormed-2024-2-69,2,kormed,ko_en,jev-1.13.0,2026-09-17T01:33:07.416275+00:00,231.33489998872392,568,52,2.3856000000000003e-05,3,3,True,0.94,0.0032000000000000045,0.05129329438755058
kormed-2024-2-69__ko_ko,kormed-2024-2-69,2,kormed,ko_ko,jev-1.13.0,2026-09-17T01:33:07.652077+00:00,263.02310000755824,582,52,2.4444000000000002e-05,3,3,True,0.94,0.0032000000000000045,0.05129329438755058
kormed-2024-1-10__ko_en,kormed-2024-1-10,2,kormed,ko_en,jev-1.13.0,2026-09-17T01:33:07.919228+00:00,205.18570000422187,514,52,2.1588000000000004e-05,4,4,True,0.59,0.14479999999999996,0.40047756659712525
kormed-2024-1-10__ko_ko,kormed-2024-1-10,2,kormed,ko_ko,jev-1.13.0,2026-09-17T01:33:08.127850+00:00,219.45890001370572,528,52,2.2176000000000002e-05,4,4,True,0.56,0.17099999999999999,0.4462871026284195
kormed-2024-3-38__ko_en,kormed-2024-3-38,2,kormed,ko_en,jev-1.13.0,2026-09-17T01:33:08.351257+00:00,234.20700000133365,508,52,2.1336000000000004e-05,3,3,True,0.97,0.0008000000000000008,0.020202707317519466
kormed-2024-3-38__ko_ko,kormed-2024-3-38,2,kormed,ko_ko,jev-1.13.0,2026-09-17T01:33:08.589645+00:00,221.02199998334982,522,52,2.1924000000000002e-05,3,3,True,0.96,0.0008000000000000008,0.020202707317519466
kormed-2024-1-72__ko_en,kormed-2024-1-72,2,kormed,ko_en,jev-1.13.0,2026-09-17T01:33:08.815201+00:00,226.07330000028014,474,52,1.9908000000000003e-05,5,5,True,0.99,0.0,-0.0
kormed-2024-1-72__ko_ko,kormed-2024-1-72,2,kormed,ko_ko,jev-1.13.0,2026-09-17T01:33:09.045494+00:00,215.97590000601485,488,52,2.0496e-05,5,5,True,1.0,0.0,-0.0
kormed-2024-1-20__ko_en,kormed-2024-1-20,2,kormed,ko_en,jev-1.13.0,2026-09-17T01:33:09.265647+00:00,259.873000002699,453,52,1.9026000000000004e-05,4,4,True,0.66,0.10020000000000001,0.31471074483970024
kormed-2024-1-20__ko_ko,kormed-2024-1-20,2,kormed,ko_ko,jev-1.13.0,2026-09-17T01:33:09.529961+00:00,228.3119999920018,467,52,1.9614000000000002e-05,4,4,True,0.63,0.12240000000000002,0.35667494393873245
kormed-2024-2-39__ko_en,kormed-2024-2-39,2,kormed,ko_en,jev-1.13.0,2026-09-17T01:33:09.763161+00:00,239.40479999873787,530,52,2.2260000000000004e-05,2,2,True,0.97,0.0002000000000000002,0.01005033585350145
kormed-2024-2-39__ko_ko,kormed-2024-2-39,2,kormed,ko_ko,jev-1.13.0,2026-09-17T01:33:10.006517+00:00,224.4275999837555,544,52,2.2848000000000002e-05,2,2,True,0.96,0.0014000000000000017,0.030459207484708574
kormed-2024-1-73__ko_en,kormed-2024-1-73,2,kormed,ko_en,jev-1.13.0,2026-09-17T01:33:10.235104+00:00,259.90510001429357,544,52,2.2848000000000002e-05,3,3,True,0.99,0.0,-0.0
kormed-2024-1-73__ko_ko,kormed-2024-1-73,2,kormed,ko_ko,jev-1.13.0,2026-09-17T01:33:10.498824+00:00,219.5592000207398,558,52,2.3436000000000004e-05,3,3,True,0.99,0.0,-0.0
kormed-2024-1-4__ko_en,kormed-2024-1-4,2,kormed,ko_en,jev-1.13.0,2026-09-17T01:33:10.721777+00:00,400.32529999734834,481,52,2.0202000000000004e-05,5,5,True,0.3,0.5174000000000001,0.8209805520698302
kormed-2024-1-4__ko_ko,kormed-2024-1-4,2,kormed,ko_ko,jev-1.13.0,2026-09-17T01:33:11.125455+00:00,240.35079998429865,495,52,2.0790000000000003e-05,5,4,False,0.35,0.635,0.9675840262617056
kormed-2024-1-60__ko_en,kormed-2024-1-60,2,kormed,ko_en,jev-1.13.0,2026-09-17T01:33:11.369454+00:00,203.3557000104338,471,52,1.9782e-05,5,5,True,0.99,0.0002000000000000002,0.01005033585350145
kormed-2024-1-60__ko_ko,kormed-2024-1-60,2,kormed,ko_ko,jev-1.13.0,2026-09-17T01:33:11.576504+00:00,211.12419999553822,485,52,2.0370000000000003e-05,5,5,True,0.99,0.0002000000000000002,0.01005033585350145
kormed-2024-4-71__ko_en,kormed-2024-4-71,2,kormed,ko_en,jev-1.13.0,2026-09-17T01:33:11.791756+00:00,219.29700000328012,564,52,2.3688000000000004e-05,1,1,True,0.96,0.0018000000000000017,0.030459207484708574
kormed-2024-4-71__ko_ko,kormed-2024-4-71,2,kormed,ko_ko,jev-1.13.0,2026-09-17T01:33:12.014768+00:00,209.13650002330542,578,52,2.4276000000000003e-05,1,1,True,0.96,0.0018000000000000017,0.030459207484708574
kormed-2024-3-65__ko_en,kormed-2024-3-65,2,kormed,ko_en,jev-1.13.0,2026-09-17T01:33:12.228026+00:00,207.00409999699332,573,52,2.4066000000000003e-05,4,4,True,0.64,0.14640000000000003,0.3285040669720361
kormed-2024-3-65__ko_ko,kormed-2024-3-65,2,kormed,ko_ko,jev-1.13.0,2026-09-17T01:33:12.439169+00:00,256.4813999924809,587,52,2.4654000000000005e-05,4,4,True,0.52,0.2474,0.4620354595965587
kormed-2024-1-7__ko_en,kormed-2024-1-7,2,kormed,ko_en,jev-1.13.0,2026-09-17T01:33:12.700196+00:00,223.83530001388863,453,52,1.9026000000000004e-05,2,2,True,0.66,0.11300000000000003,0.342490308946776
kormed-2024-1-7__ko_ko,kormed-2024-1-7,2,kormed,ko_ko,jev-1.13.0,2026-09-17T01:33:12.927712+00:00,224.81259997584857,467,52,1.9614000000000002e-05,2,2,True,0.64,0.10480000000000002,0.3285040669720361
kormed-2024-2-18__ko_en,kormed-2024-2-18,2,kormed,ko_en,jev-1.13.0,2026-09-17T01:33:13.156896+00:00,260.44220000039786,612,52,2.5704000000000003e-05,1,1,True,0.63,0.13620000000000002,0.342490308946776
kormed-2024-2-18__ko_ko,kormed-2024-2-18,2,kormed,ko_ko,jev-1.13.0,2026-09-17T01:33:13.421838+00:00,206.63200001581572,626,52,2.6292000000000005e-05,1,1,True,0.64,0.13060000000000002,0.342490308946776
kormed-2024-1-74__ko_en,kormed-2024-1-74,2,kormed,ko_en,jev-1.13.0,2026-09-17T01:33:13.632765+00:00,212.83770000445656,487,52,2.0454e-05,1,4,False,0.9,1.7114,2.659260036932778
kormed-2024-1-74__ko_ko,kormed-2024-1-74,2,kormed,ko_ko,jev-1.13.0,2026-09-17T01:33:13.849085+00:00,249.73450001562014,501,52,2.1042000000000003e-05,1,4,False,0.93,1.805,2.995732273553991
kormed-2024-1-65__ko_en,kormed-2024-1-65,2,kormed,ko_en,jev-1.13.0,2026-09-17T01:33:14.103152+00:00,227.88419999415055,449,52,1.8858e-05,3,3,True,0.9,0.009799999999999993,0.07257069283483537
kormed-2024-1-65__ko_ko,kormed-2024-1-65,2,kormed,ko_ko,jev-1.13.0,2026-09-17T01:33:14.334957+00:00,196.35509999352507,463,52,1.9446000000000003e-05,3,3,True,0.92,0.006200000000000007,0.06187540371808753
kormed-2024-4-26__ko_en,kormed-2024-4-26,2,kormed,ko_en,jev-1.13.0,2026-09-17T01:33:14.535511+00:00,232.4257000000216,523,52,2.1966000000000003e-05,2,2,True,0.97,0.0008000000000000008,0.020202707317519466
kormed-2024-4-26__ko_ko,kormed-2024-4-26,2,kormed,ko_ko,jev-1.13.0,2026-09-17T01:33:14.773271+00:00,230.76210002182052,537,52,2.2554000000000005e-05,2,2,True,0.98,0.0008000000000000008,0.020202707317519466
kormed-2024-2-63__ko_en,kormed-2024-2-63,2,kormed,ko_en,jev-1.13.0,2026-09-17T01:33:15.008612+00:00,241.8976000044495,470,52,1.9740000000000004e-05,1,1,True,0.61,0.15920000000000004,0.35667494393873245
kormed-2024-2-63__ko_ko,kormed-2024-2-63,2,kormed,ko_ko,jev-1.13.0,2026-09-17T01:33:15.254255+00:00,229.9780000175815,484,52,2.0328000000000003e-05,1,1,True,0.67,0.12140000000000001,0.3011050927839216
kormed-2024-3-71__ko_en,kormed-2024-3-71,2,kormed,ko_en,jev-1.13.0,2026-09-17T01:33:15.488187+00:00,214.74970001145266,530,52,2.2260000000000004e-05,5,5,True,0.97,0.0006000000000000007,0.020202707317519466
kormed-2024-3-71__ko_ko,kormed-2024-3-71,2,kormed,ko_ko,jev-1.13.0,2026-09-17T01:33:15.707685+00:00,240.38619999191724,544,52,2.2848000000000002e-05,5,5,True,0.96,0.0014000000000000017,0.030459207484708574
kormed-2024-1-35__ko_en,kormed-2024-1-35,2,kormed,ko_en,jev-1.13.0,2026-09-17T01:33:15.952318+00:00,257.7406000054907,720,52,3.0240000000000005e-05,5,5,True,0.94,0.003200000000000003,0.040821994520255166
kormed-2024-1-35__ko_ko,kormed-2024-1-35,2,kormed,ko_ko,jev-1.13.0,2026-09-17T01:33:16.214265+00:00,238.47559999558143,734,52,3.0828000000000004e-05,5,5,True,0.96,0.0018000000000000017,0.030459207484708574
kormed-2024-2-15__ko_en,kormed-2024-2-15,2,kormed,ko_en,jev-1.13.0,2026-09-17T01:33:16.457075+00:00,222.79689999413677,590,52,2.4780000000000003e-05,4,4,True,0.79,0.05280000000000002,0.19845093872383832
kormed-2024-2-15__ko_ko,kormed-2024-2-15,2,kormed,ko_ko,jev-1.13.0,2026-09-17T01:33:16.684309+00:00,194.99519999953918,604,52,2.5368000000000002e-05,4,4,True,0.75,0.05939999999999998,0.21072103131565253
kormed-2024-4-72__ko_en,kormed-2024-4-72,2,kormed,ko_en,jev-1.13.0,2026-09-17T01:33:16.883782+00:00,199.7272000007797,546,52,2.2932000000000003e-05,4,1,False,0.29,1.0701999999999998,1.9661128563728327
kormed-2024-4-72__ko_ko,kormed-2024-4-72,2,kormed,ko_ko,jev-1.13.0,2026-09-17T01:33:17.087417+00:00,245.65549998078495,560,52,2.3520000000000002e-05,4,2,False,0.26,0.9586000000000001,1.7147984280919266
kormed-2024-1-6__ko_en,kormed-2024-1-6,2,kormed,ko_en,jev-1.13.0,2026-09-17T01:33:17.337038+00:00,268.93099999870174,509,52,2.1378000000000004e-05,1,1,True,0.79,0.05120000000000001,0.1743533871447778
kormed-2024-1-6__ko_ko,kormed-2024-1-6,2,kormed,ko_ko,jev-1.13.0,2026-09-17T01:33:17.609750+00:00,238.6388999875635,523,52,2.1966000000000003e-05,1,1,True,0.8,0.045000000000000005,0.16251892949777494
kormed-2024-1-34__ko_en,kormed-2024-1-34,2,kormed,ko_en,jev-1.13.0,2026-09-17T01:33:17.852288+00:00,216.11290000146255,585,52,2.4570000000000004e-05,3,3,True,0.88,0.016199999999999992,0.09431067947124129
kormed-2024-1-34__ko_ko,kormed-2024-1-34,2,kormed,ko_ko,jev-1.13.0,2026-09-17T01:33:18.072315+00:00,204.7477999876719,599,52,2.5158000000000002e-05,3,3,True,0.84,0.0288,0.12783337150988489
kormed-2024-1-64__ko_en,kormed-2024-1-64,2,kormed,ko_en,jev-1.13.0,2026-09-17T01:33:18.281609+00:00,204.68870000331663,534,52,2.2428000000000003e-05,5,5,True,1.0,0.0,-0.0
kormed-2024-1-64__ko_ko,kormed-2024-1-64,2,kormed,ko_ko,jev-1.13.0,2026-09-17T01:33:18.490639+00:00,196.77020001108758,548,52,2.3016000000000005e-05,5,5,True,0.99,0.0,-0.0
medical-negation-01__en_en,medical-negation-01,3,medical_text,en_en,jev-1.13.0,2026-09-17T01:35:22.806063+00:00,653.4815999912098,365,39,1.533e-05,present,present,True,1.0,0.0,-0.0
medical-negation-01__ko_en,medical-negation-01,3,medical_text,ko_en,jev-1.13.0,2026-09-17T01:35:23.463670+00:00,261.43450001836754,371,39,1.5582e-05,present,present,True,1.0,0.0,-0.0
medical-negation-01__ko_ko,medical-negation-01,3,medical_text,ko_ko,jev-1.13.0,2026-09-17T01:35:23.728341+00:00,259.98199998866767,389,39,1.6338000000000002e-05,present,present,True,0.97,0.0008000000000000008,0.020202707317519466
medical-negation-02__en_en,medical-negation-02,3,medical_text,en_en,jev-1.13.0,2026-09-17T01:35:23.991840+00:00,223.86899997945875,365,40,1.533e-05,absent,absent,True,1.0,0.0,-0.0
medical-negation-02__ko_en,medical-negation-02,3,medical_text,ko_en,jev-1.13.0,2026-09-17T01:35:24.219309+00:00,236.90989997703582,371,40,1.5582e-05,absent,absent,True,1.0,0.0,-0.0
medical-negation-02__ko_ko,medical-negation-02,3,medical_text,ko_ko,jev-1.13.0,2026-09-17T01:35:24.459936+00:00,225.26659999857657,389,40,1.6338000000000002e-05,absent,absent,True,1.0,0.0,-0.0
medical-negation-03__en_en,medical-negation-03,3,medical_text,en_en,jev-1.13.0,2026-09-17T01:35:24.689185+00:00,202.31469999998808,366,39,1.5372e-05,unknown,unknown,True,1.0,0.0,-0.0
medical-negation-03__ko_en,medical-negation-03,3,medical_text,ko_en,jev-1.13.0,2026-09-17T01:35:24.895076+00:00,231.4145999844186,369,39,1.5498000000000003e-05,unknown,unknown,True,1.0,0.0,-0.0
medical-negation-03__ko_ko,medical-negation-03,3,medical_text,ko_ko,jev-1.13.0,2026-09-17T01:35:25.130327+00:00,241.20570000377484,387,39,1.6254e-05,unknown,unknown,True,1.0,0.0,-0.0
medical-negation-04__en_en,medical-negation-04,3,medical_text,en_en,jev-1.13.0,2026-09-17T01:35:25.374621+00:00,201.7803000053391,363,39,1.5246000000000003e-05,present,present,True,1.0,0.0,-0.0
medical-negation-04__ko_en,medical-negation-04,3,medical_text,ko_en,jev-1.13.0,2026-09-17T01:35:25.580134+00:00,221.8192000000272,363,39,1.5246000000000003e-05,present,present,True,1.0,0.0,-0.0
medical-negation-04__ko_ko,medical-negation-04,3,medical_text,ko_ko,jev-1.13.0,2026-09-17T01:35:25.805153+00:00,228.20209999918006,381,39,1.6002000000000004e-05,present,present,True,0.99,0.0,-0.0
medical-negation-05__en_en,medical-negation-05,3,medical_text,en_en,jev-1.13.0,2026-09-17T01:35:26.036585+00:00,208.68049998534843,366,40,1.5372e-05,absent,absent,True,1.0,0.0,-0.0
medical-negation-05__ko_en,medical-negation-05,3,medical_text,ko_en,jev-1.13.0,2026-09-17T01:35:26.248292+00:00,205.0652999896556,366,40,1.5372e-05,absent,absent,True,0.99,0.0,-0.0
medical-negation-05__ko_ko,medical-negation-05,3,medical_text,ko_ko,jev-1.13.0,2026-09-17T01:35:26.457133+00:00,229.71189999952912,384,40,1.6128000000000002e-05,absent,absent,True,0.99,0.0002000000000000002,0.01005033585350145
medical-negation-06__en_en,medical-negation-06,3,medical_text,en_en,jev-1.13.0,2026-09-17T01:35:26.689866+00:00,228.89599998597987,366,39,1.5372e-05,present,present,True,1.0,0.0,-0.0
medical-negation-06__ko_en,medical-negation-06,3,medical_text,ko_en,jev-1.13.0,2026-09-17T01:35:26.922012+00:00,224.6279999963008,366,39,1.5372e-05,present,present,True,0.99,0.0,-0.0
medical-negation-06__ko_ko,medical-negation-06,3,medical_text,ko_ko,jev-1.13.0,2026-09-17T01:35:27.149908+00:00,222.79790000175126,384,39,1.6128000000000002e-05,present,present,True,0.99,0.0002000000000000002,0.01005033585350145
medical-negation-07__en_en,medical-negation-07,3,medical_text,en_en,jev-1.13.0,2026-09-17T01:35:27.376588+00:00,227.11639999761246,370,39,1.5540000000000004e-05,unknown,unknown,True,1.0,0.0,-0.0
medical-negation-07__ko_en,medical-negation-07,3,medical_text,ko_en,jev-1.13.0,2026-09-17T01:35:27.607079+00:00,362.55820002406836,375,39,1.5750000000000003e-05,unknown,unknown,True,0.96,0.0018000000000000017,0.030459207484708574
medical-negation-07__ko_ko,medical-negation-07,3,medical_text,ko_ko,jev-1.13.0,2026-09-17T01:35:27.972609+00:00,215.53929999936372,393,39,1.6506e-05,unknown,unknown,True,0.89,0.009799999999999994,0.08338160893905101
medical-negation-08__en_en,medical-negation-08,3,medical_text,en_en,jev-1.13.0,2026-09-17T01:35:28.191206+00:00,411.779000016395,365,39,1.533e-05,present,present,True,1.0,0.0,-0.0
medical-negation-08__ko_en,medical-negation-08,3,medical_text,ko_en,jev-1.13.0,2026-09-17T01:35:28.606627+00:00,258.2671999989543,368,39,1.5456000000000002e-05,present,present,True,1.0,0.0,-0.0
medical-negation-08__ko_ko,medical-negation-08,3,medical_text,ko_ko,jev-1.13.0,2026-09-17T01:35:28.868624+00:00,214.51600000727922,386,39,1.6212000000000003e-05,present,present,True,1.0,0.0,-0.0
medical-temporality-01__en_en,medical-temporality-01,3,medical_text,en_en,jev-1.13.0,2026-09-17T01:35:29.086260+00:00,237.9021999950055,361,42,1.5162000000000002e-05,historical,historical,True,1.0,0.0,-0.0
medical-temporality-01__ko_en,medical-temporality-01,3,medical_text,ko_en,jev-1.13.0,2026-09-17T01:35:29.327661+00:00,216.2504000007175,364,42,1.5288000000000003e-05,historical,historical,True,0.98,0.0002000000000000002,0.01005033585350145
medical-temporality-01__ko_ko,medical-temporality-01,3,medical_text,ko_ko,jev-1.13.0,2026-09-17T01:35:29.546966+00:00,235.88369999197312,377,42,1.5834e-05,historical,historical,True,0.98,0.0002000000000000002,0.01005033585350145
medical-temporality-02__en_en,medical-temporality-02,3,medical_text,en_en,jev-1.13.0,2026-09-17T01:35:29.786393+00:00,265.1445000083186,361,40,1.5162000000000002e-05,current,current,True,1.0,0.0,-0.0
medical-temporality-02__ko_en,medical-temporality-02,3,medical_text,ko_en,jev-1.13.0,2026-09-17T01:35:30.054440+00:00,208.05180000024848,364,40,1.5288000000000003e-05,current,current,True,1.0,0.0,-0.0
medical-temporality-02__ko_ko,medical-temporality-02,3,medical_text,ko_ko,jev-1.13.0,2026-09-17T01:35:30.265730+00:00,196.902499999851,377,40,1.5834e-05,current,current,True,0.99,0.0002000000000000002,0.01005033585350145
medical-temporality-03__en_en,medical-temporality-03,3,medical_text,en_en,jev-1.13.0,2026-09-17T01:35:30.465820+00:00,238.00799998571165,362,40,1.5204000000000002e-05,unknown,unknown,True,1.0,0.0,-0.0
medical-temporality-03__ko_en,medical-temporality-03,3,medical_text,ko_en,jev-1.13.0,2026-09-17T01:35:30.706947+00:00,216.73320000991225,366,40,1.5372e-05,unknown,unknown,True,0.88,0.012799999999999994,0.08338160893905101
medical-temporality-03__ko_ko,medical-temporality-03,3,medical_text,ko_ko,jev-1.13.0,2026-09-17T01:35:30.927153+00:00,199.55200000549667,379,40,1.5918000000000002e-05,unknown,unknown,True,0.95,0.0018000000000000017,0.030459207484708574
medical-temporality-04__en_en,medical-temporality-04,3,medical_text,en_en,jev-1.13.0,2026-09-17T01:35:31.130155+00:00,211.57909999601543,357,40,1.4994000000000002e-05,current,current,True,1.0,0.0,-0.0
medical-temporality-04__ko_en,medical-temporality-04,3,medical_text,ko_en,jev-1.13.0,2026-09-17T01:35:31.345128+00:00,212.31319999787956,355,40,1.4910000000000001e-05,current,current,True,1.0,0.0,-0.0
medical-temporality-04__ko_ko,medical-temporality-04,3,medical_text,ko_ko,jev-1.13.0,2026-09-17T01:35:31.560733+00:00,197.00539999757893,368,40,1.5456000000000002e-05,current,current,True,1.0,0.0,-0.0
medical-temporality-05__en_en,medical-temporality-05,3,medical_text,en_en,jev-1.13.0,2026-09-17T01:35:31.761138+00:00,197.2308999975212,365,42,1.533e-05,historical,historical,True,1.0,0.0,-0.0
medical-temporality-05__ko_en,medical-temporality-05,3,medical_text,ko_en,jev-1.13.0,2026-09-17T01:35:31.961899+00:00,198.4867999854032,372,42,1.5624e-05,historical,historical,True,1.0,0.0,-0.0
medical-temporality-05__ko_ko,medical-temporality-05,3,medical_text,ko_ko,jev-1.13.0,2026-09-17T01:35:32.163459+00:00,224.14310000021942,385,42,1.6170000000000003e-05,historical,historical,True,0.98,0.0002000000000000002,0.01005033585350145
medical-temporality-06__en_en,medical-temporality-06,3,medical_text,en_en,jev-1.13.0,2026-09-17T01:35:32.390931+00:00,184.5305000024382,362,40,1.5204000000000002e-05,current,current,True,1.0,0.0,-0.0
medical-temporality-06__ko_en,medical-temporality-06,3,medical_text,ko_en,jev-1.13.0,2026-09-17T01:35:32.578965+00:00,226.7641999933403,364,40,1.5288000000000003e-05,current,current,True,1.0,0.0,-0.0
medical-temporality-06__ko_ko,medical-temporality-06,3,medical_text,ko_ko,jev-1.13.0,2026-09-17T01:35:32.809110+00:00,210.55069999420084,377,40,1.5834e-05,current,current,True,0.99,0.0002000000000000002,0.01005033585350145
medical-temporality-07__en_en,medical-temporality-07,3,medical_text,en_en,jev-1.13.0,2026-09-17T01:35:33.023641+00:00,215.13920000870712,358,40,1.5036000000000001e-05,unknown,unknown,True,0.99,0.0,-0.0
medical-temporality-07__ko_en,medical-temporality-07,3,medical_text,ko_en,jev-1.13.0,2026-09-17T01:35:33.242031+00:00,220.58570000808686,357,40,1.4994000000000002e-05,unknown,unknown,True,1.0,0.0,-0.0
medical-temporality-07__ko_ko,medical-temporality-07,3,medical_text,ko_ko,jev-1.13.0,2026-09-17T01:35:33.466032+00:00,231.92659998312593,370,40,1.5540000000000004e-05,unknown,unknown,True,0.98,0.0002000000000000002,0.01005033585350145
medical-temporality-08__en_en,medical-temporality-08,3,medical_text,en_en,jev-1.13.0,2026-09-17T01:35:33.701277+00:00,210.637999989558,362,42,1.5204000000000002e-05,historical,historical,True,1.0,0.0,-0.0
medical-temporality-08__ko_en,medical-temporality-08,3,medical_text,ko_en,jev-1.13.0,2026-09-17T01:35:33.915272+00:00,185.56340000941418,365,42,1.533e-05,historical,historical,True,1.0,0.0,-0.0
medical-temporality-08__ko_ko,medical-temporality-08,3,medical_text,ko_ko,jev-1.13.0,2026-09-17T01:35:34.104327+00:00,218.54679999523796,378,42,1.5876000000000002e-05,historical,historical,True,0.99,0.0,-0.0
medical-experiencer-01__en_en,medical-experiencer-01,3,medical_text,en_en,jev-1.13.0,2026-09-17T01:35:34.326123+00:00,244.54469999182038,358,38,1.5036000000000001e-05,patient,patient,True,1.0,0.0,-0.0
medical-experiencer-01__ko_en,medical-experiencer-01,3,medical_text,ko_en,jev-1.13.0,2026-09-17T01:35:34.574156+00:00,230.92979998909868,360,38,1.5120000000000003e-05,patient,patient,True,0.99,0.0002000000000000002,0.01005033585350145
medical-experiencer-01__ko_ko,medical-experiencer-01,3,medical_text,ko_ko,jev-1.13.0,2026-09-17T01:35:34.808726+00:00,209.50089997495525,378,38,1.5876000000000002e-05,patient,patient,True,0.99,0.0,-0.0
medical-experiencer-02__en_en,medical-experiencer-02,3,medical_text,en_en,jev-1.13.0,2026-09-17T01:35:35.021903+00:00,200.9412000188604,359,38,1.5078000000000002e-05,family,family,True,0.74,0.061400000000000024,0.19845093872383832
medical-experiencer-02__ko_en,medical-experiencer-02,3,medical_text,ko_en,jev-1.13.0,2026-09-17T01:35:35.226460+00:00,234.63549997541122,363,38,1.5246000000000003e-05,family,family,True,0.81,0.031400000000000004,0.13926206733350766
medical-experiencer-02__ko_ko,medical-experiencer-02,3,medical_text,ko_ko,jev-1.13.0,2026-09-17T01:35:35.464673+00:00,196.91739999689162,381,38,1.6002000000000004e-05,family,family,True,0.99,0.0,-0.0
medical-experiencer-03__en_en,medical-experiencer-03,3,medical_text,en_en,jev-1.13.0,2026-09-17T01:35:35.664857+00:00,200.23449999280274,359,38,1.5078000000000002e-05,unknown,unknown,True,1.0,0.0,-0.0
medical-experiencer-03__ko_en,medical-experiencer-03,3,medical_text,ko_en,jev-1.13.0,2026-09-17T01:35:35.868469+00:00,472.76180001790635,369,38,1.5498000000000003e-05,unknown,unknown,True,1.0,0.0,-0.0
medical-experiencer-03__ko_ko,medical-experiencer-03,3,medical_text,ko_ko,jev-1.13.0,2026-09-17T01:35:36.344839+00:00,217.56960000493564,387,38,1.6254e-05,unknown,unknown,True,1.0,0.0,-0.0
medical-experiencer-04__en_en,medical-experiencer-04,3,medical_text,en_en,jev-1.13.0,2026-09-17T01:35:36.565519+00:00,209.23619999666698,353,38,1.4826000000000002e-05,patient,patient,True,1.0,0.0,-0.0
medical-experiencer-04__ko_en,medical-experiencer-04,3,medical_text,ko_en,jev-1.13.0,2026-09-17T01:35:36.777861+00:00,232.6488000107929,360,38,1.5120000000000003e-05,patient,patient,True,1.0,0.0,-0.0
medical-experiencer-04__ko_ko,medical-experiencer-04,3,medical_text,ko_ko,jev-1.13.0,2026-09-17T01:35:37.013719+00:00,201.74580000457354,378,38,1.5876000000000002e-05,patient,patient,True,1.0,0.0,-0.0
medical-experiencer-05__en_en,medical-experiencer-05,3,medical_text,en_en,jev-1.13.0,2026-09-17T01:35:37.218675+00:00,206.20499999495223,360,38,1.5120000000000003e-05,family,family,True,0.53,0.18620000000000003,0.37106368139083207
medical-experiencer-05__ko_en,medical-experiencer-05,3,medical_text,ko_en,jev-1.13.0,2026-09-17T01:35:37.427956+00:00,239.77990000275895,366,38,1.5372e-05,family,family,True,0.33,0.39619999999999994,0.5978370007556204
medical-experiencer-05__ko_ko,medical-experiencer-05,3,medical_text,ko_ko,jev-1.13.0,2026-09-17T01:35:37.670806+00:00,204.58240000880323,384,38,1.6128000000000002e-05,family,family,True,0.99,0.0,-0.0
medical-experiencer-06__en_en,medical-experiencer-06,3,medical_text,en_en,jev-1.13.0,2026-09-17T01:35:37.878957+00:00,190.76640001730993,357,38,1.4994000000000002e-05,patient,patient,True,0.99,0.0,-0.0
medical-experiencer-06__ko_en,medical-experiencer-06,3,medical_text,ko_en,jev-1.13.0,2026-09-17T01:35:38.072770+00:00,222.29879998485558,363,38,1.5246000000000003e-05,patient,patient,True,0.99,0.0,-0.0
medical-experiencer-06__ko_ko,medical-experiencer-06,3,medical_text,ko_ko,jev-1.13.0,2026-09-17T01:35:38.298198+00:00,188.40459999046288,381,38,1.6002000000000004e-05,patient,patient,True,0.99,0.0,-0.0
medical-experiencer-07__en_en,medical-experiencer-07,3,medical_text,en_en,jev-1.13.0,2026-09-17T01:35:38.489867+00:00,201.61670001107268,355,38,1.4910000000000001e-05,unknown,unknown,True,1.0,0.0,-0.0
medical-experiencer-07__ko_en,medical-experiencer-07,3,medical_text,ko_en,jev-1.13.0,2026-09-17T01:35:38.694888+00:00,240.3082000091672,360,38,1.5120000000000003e-05,unknown,unknown,True,0.98,0.0002000000000000002,0.01005033585350145
medical-experiencer-07__ko_ko,medical-experiencer-07,3,medical_text,ko_ko,jev-1.13.0,2026-09-17T01:35:38.938219+00:00,257.0158000162337,378,38,1.5876000000000002e-05,unknown,unknown,True,0.99,0.0002000000000000002,0.01005033585350145
medical-experiencer-08__en_en,medical-experiencer-08,3,medical_text,en_en,jev-1.13.0,2026-09-17T01:35:39.198570+00:00,202.22479998483323,357,38,1.4994000000000002e-05,family,family,True,0.82,0.031400000000000004,0.13926206733350766
medical-experiencer-08__ko_en,medical-experiencer-08,3,medical_text,ko_en,jev-1.13.0,2026-09-17T01:35:39.404544+00:00,186.04449997656047,362,38,1.5204000000000002e-05,family,family,True,0.77,0.03500000000000001,0.16251892949777494
medical-experiencer-08__ko_ko,medical-experiencer-08,3,medical_text,ko_ko,jev-1.13.0,2026-09-17T01:35:39.593819+00:00,223.22949999943376,380,38,1.5960000000000003e-05,family,family,True,0.98,0.0002000000000000002,0.01005033585350145
medical-medication-01__en_en,medical-medication-01,3,medical_text,en_en,jev-1.13.0,2026-09-17T01:35:39.820381+00:00,240.1219999883324,365,40,1.533e-05,taking,taking,True,1.0,0.0,-0.0
medical-medication-01__ko_en,medical-medication-01,3,medical_text,ko_en,jev-1.13.0,2026-09-17T01:35:40.064261+00:00,196.52379999752156,372,40,1.5624e-05,taking,taking,True,1.0,0.0,-0.0
medical-medication-01__ko_ko,medical-medication-01,3,medical_text,ko_ko,jev-1.13.0,2026-09-17T01:35:40.263795+00:00,213.73339998535812,387,40,1.6254e-05,taking,taking,True,1.0,0.0,-0.0
medical-medication-02__en_en,medical-medication-02,3,medical_text,en_en,jev-1.13.0,2026-09-17T01:35:40.480707+00:00,260.25510000181384,370,42,1.5540000000000004e-05,not_taking,not_taking,True,1.0,0.0,-0.0
medical-medication-02__ko_en,medical-medication-02,3,medical_text,ko_en,jev-1.13.0,2026-09-17T01:35:40.744192+00:00,200.17019999795593,376,42,1.5792e-05,not_taking,not_taking,True,1.0,0.0,-0.0
medical-medication-02__ko_ko,medical-medication-02,3,medical_text,ko_ko,jev-1.13.0,2026-09-17T01:35:40.948399+00:00,269.0396999823861,391,42,1.6422000000000003e-05,not_taking,not_taking,True,1.0,0.0,-0.0
medical-medication-03__en_en,medical-medication-03,3,medical_text,en_en,jev-1.13.0,2026-09-17T01:35:41.221090+00:00,242.8430000145454,371,42,1.5582e-05,not_taking,not_taking,True,1.0,0.0,-0.0
medical-medication-03__ko_en,medical-medication-03,3,medical_text,ko_en,jev-1.13.0,2026-09-17T01:35:41.467541+00:00,266.5209999831859,375,42,1.5750000000000003e-05,not_taking,not_taking,True,1.0,0.0,-0.0
medical-medication-03__ko_ko,medical-medication-03,3,medical_text,ko_ko,jev-1.13.0,2026-09-17T01:35:41.737068+00:00,247.0063999935519,390,42,1.6380000000000002e-05,not_taking,not_taking,True,1.0,0.0,-0.0
medical-medication-04__en_en,medical-medication-04,3,medical_text,en_en,jev-1.13.0,2026-09-17T01:35:41.987003+00:00,205.22560001700185,368,40,1.5456000000000002e-05,taking,taking,True,1.0,0.0,-0.0
medical-medication-04__ko_en,medical-medication-04,3,medical_text,ko_en,jev-1.13.0,2026-09-17T01:35:42.195437+00:00,259.33790000271983,376,40,1.5792e-05,taking,taking,True,1.0,0.0,-0.0
medical-medication-04__ko_ko,medical-medication-04,3,medical_text,ko_ko,jev-1.13.0,2026-09-17T01:35:42.457693+00:00,226.38489998644218,391,40,1.6422000000000003e-05,taking,taking,True,1.0,0.0,-0.0
medical-medication-05__en_en,medical-medication-05,3,medical_text,en_en,jev-1.13.0,2026-09-17T01:35:42.687440+00:00,202.0665000018198,373,40,1.5666000000000002e-05,unknown,unknown,True,1.0,0.0,-0.0
medical-medication-05__ko_en,medical-medication-05,3,medical_text,ko_en,jev-1.13.0,2026-09-17T01:35:42.892966+00:00,235.59610001393594,382,40,1.6044e-05,unknown,unknown,True,1.0,0.0,-0.0
medical-medication-05__ko_ko,medical-medication-05,3,medical_text,ko_ko,jev-1.13.0,2026-09-17T01:35:43.131758+00:00,269.48760001687333,397,40,1.6674000000000003e-05,unknown,unknown,True,1.0,0.0,-0.0
medical-medication-06__en_en,medical-medication-06,3,medical_text,en_en,jev-1.13.0,2026-09-17T01:35:43.404870+00:00,197.85950001096353,367,40,1.5414000000000002e-05,taking,taking,True,1.0,0.0,-0.0
medical-medication-06__ko_en,medical-medication-06,3,medical_text,ko_en,jev-1.13.0,2026-09-17T01:35:43.606258+00:00,208.45050000934862,377,40,1.5834e-05,taking,taking,True,1.0,0.0,-0.0
medical-medication-06__ko_ko,medical-medication-06,3,medical_text,ko_ko,jev-1.13.0,2026-09-17T01:35:43.818360+00:00,189.55280000227503,392,40,1.6464000000000004e-05,taking,taking,True,1.0,0.0,-0.0
medical-medication-07__en_en,medical-medication-07,3,medical_text,en_en,jev-1.13.0,2026-09-17T01:35:44.011402+00:00,210.58579999953508,364,40,1.5288000000000003e-05,unknown,unknown,True,0.89,0.012799999999999994,0.08338160893905101
medical-medication-07__ko_en,medical-medication-07,3,medical_text,ko_en,jev-1.13.0,2026-09-17T01:35:44.225621+00:00,234.02890001307242,382,40,1.6044e-05,unknown,unknown,True,1.0,0.0,-0.0
medical-medication-07__ko_ko,medical-medication-07,3,medical_text,ko_ko,jev-1.13.0,2026-09-17T01:35:44.463229+00:00,211.5019999910146,397,40,1.6674000000000003e-05,unknown,unknown,True,1.0,0.0,-0.0
medical-medication-08__en_en,medical-medication-08,3,medical_text,en_en,jev-1.13.0,2026-09-17T01:35:44.678853+00:00,203.70099999126978,366,42,1.5372e-05,not_taking,not_taking,True,1.0,0.0,-0.0
medical-medication-08__ko_en,medical-medication-08,3,medical_text,ko_en,jev-1.13.0,2026-09-17T01:35:44.885904+00:00,214.42299999762326,375,42,1.5750000000000003e-05,not_taking,not_taking,True,1.0,0.0,-0.0
medical-medication-08__ko_ko,medical-medication-08,3,medical_text,ko_ko,jev-1.13.0,2026-09-17T01:35:45.103343+00:00,207.82040001358837,390,42,1.6380000000000002e-05,not_taking,not_taking,True,1.0,0.0,-0.0
medical-evidence-01__en_en,medical-evidence-01,3,medical_text,en_en,jev-1.13.0,2026-09-17T01:35:45.314776+00:00,218.01050001522526,382,41,1.6044e-05,supported,supported,True,1.0,0.0,-0.0
medical-evidence-01__ko_en,medical-evidence-01,3,medical_text,ko_en,jev-1.13.0,2026-09-17T01:35:45.535968+00:00,198.63020000047982,386,41,1.6212000000000003e-05,supported,supported,True,1.0,0.0,-0.0
medical-evidence-01__ko_ko,medical-evidence-01,3,medical_text,ko_ko,jev-1.13.0,2026-09-17T01:35:45.737733+00:00,224.80840000207536,402,41,1.6884000000000003e-05,supported,supported,True,1.0,0.0,-0.0
medical-evidence-02__en_en,medical-evidence-02,3,medical_text,en_en,jev-1.13.0,2026-09-17T01:35:45.965601+00:00,208.88549997471273,382,44,1.6044e-05,contradicted,contradicted,True,1.0,0.0,-0.0
medical-evidence-02__ko_en,medical-evidence-02,3,medical_text,ko_en,jev-1.13.0,2026-09-17T01:35:47.156877+00:00,199.02810000348836,386,44,1.6212000000000003e-05,contradicted,contradicted,True,1.0,0.0,-0.0
medical-evidence-02__ko_ko,medical-evidence-02,3,medical_text,ko_ko,jev-1.13.0,2026-09-17T01:35:47.359214+00:00,211.37979999184608,402,44,1.6884000000000003e-05,contradicted,contradicted,True,1.0,0.0,-0.0
medical-evidence-03__en_en,medical-evidence-03,3,medical_text,en_en,jev-1.13.0,2026-09-17T01:35:47.573985+00:00,244.23889999161474,377,41,1.5834e-05,unknown,unknown,True,1.0,0.0,-0.0
medical-evidence-03__ko_en,medical-evidence-03,3,medical_text,ko_en,jev-1.13.0,2026-09-17T01:35:47.821256+00:00,209.94090000749566,395,41,1.6590000000000002e-05,unknown,unknown,True,1.0,0.0,-0.0
medical-evidence-03__ko_ko,medical-evidence-03,3,medical_text,ko_ko,jev-1.13.0,2026-09-17T01:35:48.034634+00:00,210.85679999669082,411,41,1.7262000000000002e-05,unknown,unknown,True,1.0,0.0,-0.0
medical-evidence-04__en_en,medical-evidence-04,3,medical_text,en_en,jev-1.13.0,2026-09-17T01:35:48.249002+00:00,210.9307000064291,376,41,1.5792e-05,supported,supported,True,0.99,0.0,-0.0
medical-evidence-04__ko_en,medical-evidence-04,3,medical_text,ko_en,jev-1.13.0,2026-09-17T01:35:48.463648+00:00,201.76969998283312,393,41,1.6506e-05,supported,supported,True,0.99,0.0,-0.0
medical-evidence-04__ko_ko,medical-evidence-04,3,medical_text,ko_ko,jev-1.13.0,2026-09-17T01:35:48.668705+00:00,242.63679998693988,409,41,1.7178000000000004e-05,supported,supported,True,0.99,0.0002000000000000002,0.01005033585350145
medical-evidence-05__en_en,medical-evidence-05,3,medical_text,en_en,jev-1.13.0,2026-09-17T01:35:48.914396+00:00,221.1430999741424,376,44,1.5792e-05,contradicted,contradicted,True,1.0,0.0,-0.0
medical-evidence-05__ko_en,medical-evidence-05,3,medical_text,ko_en,jev-1.13.0,2026-09-17T01:35:49.138979+00:00,195.5385000037495,385,44,1.6170000000000003e-05,contradicted,contradicted,True,1.0,0.0,-0.0
medical-evidence-05__ko_ko,medical-evidence-05,3,medical_text,ko_ko,jev-1.13.0,2026-09-17T01:35:49.337656+00:00,201.67700000456534,401,44,1.6842000000000002e-05,contradicted,contradicted,True,1.0,0.0,-0.0
medical-evidence-06__en_en,medical-evidence-06,3,medical_text,en_en,jev-1.13.0,2026-09-17T01:35:49.542361+00:00,207.4166999955196,375,41,1.5750000000000003e-05,supported,supported,True,1.0,0.0,-0.0
medical-evidence-06__ko_en,medical-evidence-06,3,medical_text,ko_en,jev-1.13.0,2026-09-17T01:35:49.753629+00:00,220.94539998215623,383,41,1.6086e-05,supported,supported,True,1.0,0.0,-0.0
medical-evidence-06__ko_ko,medical-evidence-06,3,medical_text,ko_ko,jev-1.13.0,2026-09-17T01:35:49.977850+00:00,447.80620001256466,399,41,1.6758e-05,supported,supported,True,0.99,0.0002000000000000002,0.01005033585350145
medical-evidence-07__en_en,medical-evidence-07,3,medical_text,en_en,jev-1.13.0,2026-09-17T01:35:50.428761+00:00,210.76489999541081,376,41,1.5792e-05,unknown,unknown,True,1.0,0.0,-0.0
medical-evidence-07__ko_en,medical-evidence-07,3,medical_text,ko_en,jev-1.13.0,2026-09-17T01:35:50.642570+00:00,212.6251999870874,383,41,1.6086e-05,unknown,unknown,True,0.99,0.0002000000000000002,0.01005033585350145
medical-evidence-07__ko_ko,medical-evidence-07,3,medical_text,ko_ko,jev-1.13.0,2026-09-17T01:35:50.858216+00:00,252.38600000739098,399,41,1.6758e-05,unknown,unknown,True,0.97,0.0008000000000000008,0.020202707317519466
medical-evidence-08__en_en,medical-evidence-08,3,medical_text,en_en,jev-1.13.0,2026-09-17T01:35:51.113843+00:00,187.38300001132302,375,41,1.5750000000000003e-05,supported,supported,True,0.99,0.0002000000000000002,0.01005033585350145
medical-evidence-08__ko_en,medical-evidence-08,3,medical_text,ko_en,jev-1.13.0,2026-09-17T01:35:51.304344+00:00,193.67430001148023,385,41,1.6170000000000003e-05,supported,supported,True,0.98,0.0002000000000000002,0.01005033585350145
medical-evidence-08__ko_ko,medical-evidence-08,3,medical_text,ko_ko,jev-1.13.0,2026-09-17T01:35:51.501081+00:00,229.12890001316555,401,41,1.6842000000000002e-05,supported,supported,True,0.98,0.0002000000000000002,0.01005033585350145
belebele-9c20288f818f9034__ko_ko__repeat1,belebele-9c20288f818f9034,4,belebele,ko_ko,jev-1.13.0,2026-09-17T01:36:32.739196+00:00,643.0464000150096,644,45,2.7048000000000003e-05,4,4,True,1.0,0.0,-0.0
belebele-9c20288f818f9034__ko_ko__repeat2,belebele-9c20288f818f9034,4,belebele,ko_ko,jev-1.13.0,2026-09-17T01:36:33.386620+00:00,242.58479999843985,644,45,2.7048000000000003e-05,4,4,True,1.0,0.0,-0.0
belebele-9c20288f818f9034__ko_ko__variant1,belebele-9c20288f818f9034,4,belebele,ko_ko,jev-1.13.0,2026-09-17T01:36:33.633066+00:00,221.33669999311678,644,45,2.7048000000000003e-05,4,4,True,1.0,0.0,-0.0
belebele-9c20288f818f9034__ko_ko__variant2,belebele-9c20288f818f9034,4,belebele,ko_ko,jev-1.13.0,2026-09-17T01:36:33.857535+00:00,217.48110000044107,644,45,2.7048000000000003e-05,4,4,True,1.0,0.0,-0.0
belebele-e41332056136ccdd__ko_ko__repeat1,belebele-e41332056136ccdd,4,belebele,ko_ko,jev-1.13.0,2026-09-17T01:36:34.078847+00:00,186.8345999973826,524,45,2.2008000000000003e-05,2,2,True,1.0,0.0,-0.0
belebele-e41332056136ccdd__ko_ko__repeat2,belebele-e41332056136ccdd,4,belebele,ko_ko,jev-1.13.0,2026-09-17T01:36:34.269431+00:00,232.43090001051314,524,45,2.2008000000000003e-05,2,2,True,1.0,0.0,-0.0
belebele-e41332056136ccdd__ko_ko__variant1,belebele-e41332056136ccdd,4,belebele,ko_ko,jev-1.13.0,2026-09-17T01:36:34.505211+00:00,397.0102000166662,524,45,2.2008000000000003e-05,2,2,True,1.0,0.0,-0.0
belebele-e41332056136ccdd__ko_ko__variant2,belebele-e41332056136ccdd,4,belebele,ko_ko,jev-1.13.0,2026-09-17T01:36:34.905664+00:00,318.2804000098258,524,45,2.2008000000000003e-05,2,2,True,1.0,0.0,-0.0
belebele-66c76c721a3e9d34__ko_ko__repeat1,belebele-66c76c721a3e9d34,4,belebele,ko_ko,jev-1.13.0,2026-09-17T01:36:35.227567+00:00,205.27220002259128,576,45,2.4192e-05,4,4,True,0.3,0.4606,0.7339691750802004
belebele-66c76c721a3e9d34__ko_ko__repeat2,belebele-66c76c721a3e9d34,4,belebele,ko_ko,jev-1.13.0,2026-09-17T01:36:35.436472+00:00,219.81670000241138,576,45,2.4192e-05,4,2,False,0.36,0.6344,0.916290731874155
belebele-66c76c721a3e9d34__ko_ko__variant1,belebele-66c76c721a3e9d34,4,belebele,ko_ko,jev-1.13.0,2026-09-17T01:36:35.660120+00:00,175.60600000433624,576,45,2.4192e-05,4,2,False,0.61,1.1913999999999998,1.7719568419318752
belebele-66c76c721a3e9d34__ko_ko__variant2,belebele-66c76c721a3e9d34,4,belebele,ko_ko,jev-1.13.0,2026-09-17T01:36:35.838625+00:00,202.48199999332428,576,45,2.4192e-05,4,2,False,0.58,1.1188654218957248,1.599387576580599
belebele-60ac40668df9494f__ko_ko__repeat1,belebele-60ac40668df9494f,4,belebele,ko_ko,jev-1.13.0,2026-09-17T01:36:36.044459+00:00,197.9466000047978,617,45,2.5914000000000003e-05,3,3,True,1.0,0.0,-0.0
belebele-60ac40668df9494f__ko_ko__repeat2,belebele-60ac40668df9494f,4,belebele,ko_ko,jev-1.13.0,2026-09-17T01:36:36.245671+00:00,183.79539999295957,617,45,2.5914000000000003e-05,3,3,True,1.0,0.0,-0.0
belebele-60ac40668df9494f__ko_ko__variant1,belebele-60ac40668df9494f,4,belebele,ko_ko,jev-1.13.0,2026-09-17T01:36:36.432818+00:00,186.60519999684766,617,45,2.5914000000000003e-05,3,3,True,1.0,0.0,-0.0
belebele-60ac40668df9494f__ko_ko__variant2,belebele-60ac40668df9494f,4,belebele,ko_ko,jev-1.13.0,2026-09-17T01:36:36.622501+00:00,208.3394999790471,617,45,2.5914000000000003e-05,3,3,True,1.0,0.0,-0.0
belebele-a96cbee62035e1c3__ko_ko__repeat1,belebele-a96cbee62035e1c3,4,belebele,ko_ko,jev-1.13.0,2026-09-17T01:36:36.834534+00:00,203.97550001507625,565,45,2.373e-05,2,2,True,1.0,0.0,-0.0
belebele-a96cbee62035e1c3__ko_ko__repeat2,belebele-a96cbee62035e1c3,4,belebele,ko_ko,jev-1.13.0,2026-09-17T01:36:37.041818+00:00,448.7970000191126,565,45,2.373e-05,2,2,True,1.0,0.0,-0.0
belebele-a96cbee62035e1c3__ko_ko__variant1,belebele-a96cbee62035e1c3,4,belebele,ko_ko,jev-1.13.0,2026-09-17T01:36:37.493767+00:00,200.81669997307472,565,45,2.373e-05,2,2,True,0.99,0.0,-0.0
belebele-a96cbee62035e1c3__ko_ko__variant2,belebele-a96cbee62035e1c3,4,belebele,ko_ko,jev-1.13.0,2026-09-17T01:36:37.698327+00:00,215.7539000036195,565,45,2.373e-05,2,2,True,1.0,0.0,-0.0
pawsx-5309__ko_ko__repeat1,pawsx-5309,4,pawsx,ko_ko,jev-1.13.0,2026-09-17T01:36:37.917646+00:00,220.57040000800043,382,20,1.6044e-05,1,1,True,0.14,0.2592,0.4462871026284195
pawsx-5309__ko_ko__repeat2,pawsx-5309,4,pawsx,ko_ko,jev-1.13.0,2026-09-17T01:36:38.141315+00:00,277.1446999977343,382,20,1.6044e-05,1,1,True,0.17000000000000004,0.21779999999999994,0.40047756659712525
pawsx-5309__ko_ko__variant1,pawsx-5309,4,pawsx,ko_ko,jev-1.13.0,2026-09-17T01:36:38.421638+00:00,192.60349997784942,382,20,1.6044e-05,1,0,False,0.08000000000000002,0.6728000000000002,0.8675005677047231
pawsx-5309__ko_ko__variant2,pawsx-5309,4,pawsx,ko_ko,jev-1.13.0,2026-09-17T01:36:38.617768+00:00,200.51259998581372,382,20,1.6044e-05,1,0,False,0.07,0.6498000000000002,0.843970070294529
pawsx-956__ko_ko__repeat1,pawsx-956,4,pawsx,ko_ko,jev-1.13.0,2026-09-17T01:36:38.821672+00:00,229.1053000080865,411,20,1.7262000000000002e-05,0,0,True,0.21000000000000002,0.16820000000000002,0.342490308946776
pawsx-956__ko_ko__repeat2,pawsx-956,4,pawsx,ko_ko,jev-1.13.0,2026-09-17T01:36:39.053740+00:00,231.14950000308454,411,20,1.7262000000000002e-05,0,0,True,0.2,0.18000000000000002,0.35667494393873245
pawsx-956__ko_ko__variant1,pawsx-956,4,pawsx,ko_ko,jev-1.13.0,2026-09-17T01:36:39.288242+00:00,215.59780000825413,411,20,1.7262000000000002e-05,0,0,True,0.39,0.0242,0.11653381625595151
pawsx-956__ko_ko__variant2,pawsx-956,4,pawsx,ko_ko,jev-1.13.0,2026-09-17T01:36:39.507652+00:00,190.11140000657178,411,20,1.7262000000000002e-05,0,0,True,0.38,0.0288,0.12783337150988489
pawsx-1231__ko_ko__repeat1,pawsx-1231,4,pawsx,ko_ko,jev-1.13.0,2026-09-17T01:36:39.701065+00:00,188.33570001879707,362,20,1.5204000000000002e-05,0,1,False,0.08999999999999997,0.6961999999999999,0.8915981192837835
pawsx-1231__ko_ko__repeat2,pawsx-1231,4,pawsx,ko_ko,jev-1.13.0,2026-09-17T01:36:39.893050+00:00,216.35559998685494,362,20,1.5204000000000002e-05,0,1,False,0.12,0.7688,0.9675840262617056
pawsx-1231__ko_ko__variant1,pawsx-1231,4,pawsx,ko_ko,jev-1.13.0,2026-09-17T01:36:40.112769+00:00,224.14159998879768,362,20,1.5204000000000002e-05,0,0,True,0.08000000000000002,0.3527999999999999,0.5447271754416719
pawsx-1231__ko_ko__variant2,pawsx-1231,4,pawsx,ko_ko,jev-1.13.0,2026-09-17T01:36:40.340400+00:00,194.5535999839194,362,20,1.5204000000000002e-05,0,0,True,0.09000000000000002,0.33619999999999994,0.5276327420823718
pawsx-2727__ko_ko__repeat1,pawsx-2727,4,pawsx,ko_ko,jev-1.13.0,2026-09-17T01:36:40.538075+00:00,279.0971999929752,379,20,1.5918000000000002e-05,0,1,False,0.20999999999999996,1.0082,1.2378743560016172
pawsx-2727__ko_ko__repeat2,pawsx-2727,4,pawsx,ko_ko,jev-1.13.0,2026-09-17T01:36:40.820067+00:00,262.5407000014093,379,20,1.5918000000000002e-05,0,1,False,0.21999999999999997,1.0368,1.2729656758128873
pawsx-2727__ko_ko__variant1,pawsx-2727,4,pawsx,ko_ko,jev-1.13.0,2026-09-17T01:36:41.085993+00:00,233.55519998585805,379,20,1.5918000000000002e-05,0,0,True,0.08000000000000002,0.3527999999999999,0.5447271754416719
pawsx-2727__ko_ko__variant2,pawsx-2727,4,pawsx,ko_ko,jev-1.13.0,2026-09-17T01:36:41.323007+00:00,214.53509997809306,379,20,1.5918000000000002e-05,0,0,True,0.09000000000000002,0.33619999999999994,0.5276327420823718
pawsx-7821__ko_ko__repeat1,pawsx-7821,4,pawsx,ko_ko,jev-1.13.0,2026-09-17T01:36:41.541058+00:00,198.14539997605607,444,20,1.8648000000000002e-05,0,1,False,0.18999999999999995,0.9521999999999998,1.1711829815029449
pawsx-7821__ko_ko__repeat2,pawsx-7821,4,pawsx,ko_ko,jev-1.13.0,2026-09-17T01:36:41.742576+00:00,212.3190000129398,444,20,1.8648000000000002e-05,0,1,False,0.18999999999999995,0.9521999999999998,1.1711829815029449
pawsx-7821__ko_ko__variant1,pawsx-7821,4,pawsx,ko_ko,jev-1.13.0,2026-09-17T01:36:41.958678+00:00,199.01569999638014,444,20,1.8648000000000002e-05,0,1,False,0.44999999999999996,1.805,2.99573227355399
pawsx-7821__ko_ko__variant2,pawsx-7821,4,pawsx,ko_ko,jev-1.13.0,2026-09-17T01:36:42.160704+00:00,198.95869999891147,444,20,1.8648000000000002e-05,0,1,False,0.44999999999999996,1.805,2.99573227355399
kormed-2024-2-63__ko_ko__repeat1,kormed-2024-2-63,4,kormed,ko_ko,jev-1.13.0,2026-09-17T01:36:42.363347+00:00,205.21800001733936,484,52,2.0328000000000003e-05,1,1,True,0.7,0.1026,0.2744368457017603
kormed-2024-2-63__ko_ko__repeat2,kormed-2024-2-63,4,kormed,ko_ko,jev-1.13.0,2026-09-17T01:36:42.572087+00:00,219.85990001121536,484,52,2.0328000000000003e-05,1,1,True,0.68,0.1158,0.2876820724517809
kormed-2024-2-63__ko_ko__variant1,kormed-2024-2-63,4,kormed,ko_ko,jev-1.13.0,2026-09-17T01:36:42.795103+00:00,197.7404000062961,484,52,2.0328000000000003e-05,1,1,True,0.8,0.048200000000000014,0.1743533871447778
kormed-2024-2-63__ko_ko__variant2,kormed-2024-2-63,4,kormed,ko_ko,jev-1.13.0,2026-09-17T01:36:42.996001+00:00,210.29370001633652,484,52,2.0328000000000003e-05,1,1,True,0.84,0.031400000000000004,0.13926206733350766
kormed-2023-1-19__ko_ko__repeat1,kormed-2023-1-19,4,kormed,ko_ko,jev-1.13.0,2026-09-17T01:36:43.209382+00:00,225.90290001244284,483,52,2.0286000000000002e-05,3,3,True,0.77,0.05100000000000002,0.19845093872383832
kormed-2023-1-19__ko_ko__repeat2,kormed-2023-1-19,4,kormed,ko_ko,jev-1.13.0,2026-09-17T01:36:43.438706+00:00,210.82259999820963,483,52,2.0286000000000002e-05,3,3,True,0.77,0.055799999999999975,0.19845093872383818
kormed-2023-1-19__ko_ko__variant1,kormed-2023-1-19,4,kormed,ko_ko,jev-1.13.0,2026-09-17T01:36:43.652678+00:00,204.91020000190474,483,52,2.0286000000000002e-05,3,3,True,0.83,0.025800000000000003,0.13926206733350766
kormed-2023-1-19__ko_ko__variant2,kormed-2023-1-19,4,kormed,ko_ko,jev-1.13.0,2026-09-17T01:36:43.860950+00:00,210.37430001888424,483,52,2.0286000000000002e-05,3,3,True,0.84,0.0224,0.12783337150988489
kormed-2023-1-20__ko_ko__repeat1,kormed-2023-1-20,4,kormed,ko_ko,jev-1.13.0,2026-09-17T01:36:44.074802+00:00,222.00780001003295,598,52,2.5116000000000005e-05,5,5,True,0.89,0.008599999999999993,0.08338160893905101
kormed-2023-1-20__ko_ko__repeat2,kormed-2023-1-20,4,kormed,ko_ko,jev-1.13.0,2026-09-17T01:36:44.300603+00:00,197.46609998401254,598,52,2.5116000000000005e-05,5,5,True,0.9,0.0063999999999999925,0.07257069283483537
kormed-2023-1-20__ko_ko__variant1,kormed-2023-1-20,4,kormed,ko_ko,jev-1.13.0,2026-09-17T01:36:44.501913+00:00,203.82870000321418,598,52,2.5116000000000005e-05,5,5,True,0.86,0.012999999999999996,0.10536051565782628
kormed-2023-1-20__ko_ko__variant2,kormed-2023-1-20,4,kormed,ko_ko,jev-1.13.0,2026-09-17T01:36:44.708868+00:00,203.2990999869071,598,52,2.5116000000000005e-05,5,5,True,0.78,0.038600000000000016,0.18632957819149348
kormed-2022-4-23__ko_ko__repeat1,kormed-2022-4-23,4,kormed,ko_ko,jev-1.13.0,2026-09-17T01:36:44.915576+00:00,196.16199997835793,619,52,2.5998000000000004e-05,5,5,True,0.99,0.0,-0.0
kormed-2022-4-23__ko_ko__repeat2,kormed-2022-4-23,4,kormed,ko_ko,jev-1.13.0,2026-09-17T01:36:45.115174+00:00,201.9585000234656,619,52,2.5998000000000004e-05,5,5,True,0.99,0.0,-0.0
kormed-2022-4-23__ko_ko__variant1,kormed-2022-4-23,4,kormed,ko_ko,jev-1.13.0,2026-09-17T01:36:45.320635+00:00,220.18559998832643,619,52,2.5998000000000004e-05,5,5,True,0.96,0.0018000000000000017,0.030459207484708574
kormed-2022-4-23__ko_ko__variant2,kormed-2022-4-23,4,kormed,ko_ko,jev-1.13.0,2026-09-17T01:36:45.544182+00:00,195.91320000472479,619,52,2.5998000000000004e-05,5,5,True,0.99,0.0,-0.0
kormed-2023-1-13__ko_ko__repeat1,kormed-2023-1-13,4,kormed,ko_ko,jev-1.13.0,2026-09-17T01:36:45.743386+00:00,218.74039998510852,464,52,1.9488000000000004e-05,4,5,False,0.54,0.9309999999999999,1.2729656758128873
kormed-2023-1-13__ko_ko__repeat2,kormed-2023-1-13,4,kormed,ko_ko,jev-1.13.0,2026-09-17T01:36:45.966041+00:00,207.97469999524765,464,52,1.9488000000000004e-05,4,5,False,0.51,0.8662,1.2039728043259361
kormed-2023-1-13__ko_ko__variant1,kormed-2023-1-13,4,kormed,ko_ko,jev-1.13.0,2026-09-17T01:36:46.177041+00:00,183.999800006859,464,52,1.9488000000000004e-05,4,5,False,0.4,0.6594000000000001,0.9675840262617056
kormed-2023-1-13__ko_ko__variant2,kormed-2023-1-13,4,kormed,ko_ko,jev-1.13.0,2026-09-17T01:36:46.364011+00:00,181.60040001384914,464,52,1.9488000000000004e-05,4,5,False,0.39,0.8362,1.3470736479666092
medical-experiencer-03__ko_ko__repeat1,medical-experiencer-03,4,medical_text,ko_ko,jev-1.13.0,2026-09-17T01:36:46.548977+00:00,244.78979999548756,387,38,1.6254e-05,unknown,unknown,True,1.0,0.0,-0.0
medical-experiencer-03__ko_ko__repeat2,medical-experiencer-03,4,medical_text,ko_ko,jev-1.13.0,2026-09-17T01:36:46.797478+00:00,216.09090000856668,387,38,1.6254e-05,unknown,unknown,True,1.0,0.0,-0.0
medical-experiencer-03__ko_ko__variant1,medical-experiencer-03,4,medical_text,ko_ko,jev-1.13.0,2026-09-17T01:36:47.017186+00:00,222.35039999941364,387,38,1.6254e-05,unknown,unknown,True,1.0,0.0,-0.0
medical-experiencer-03__ko_ko__variant2,medical-experiencer-03,4,medical_text,ko_ko,jev-1.13.0,2026-09-17T01:36:47.243460+00:00,205.57310001458973,387,38,1.6254e-05,unknown,unknown,True,1.0,0.0,-0.0
medical-negation-05__ko_ko__repeat1,medical-negation-05,4,medical_text,ko_ko,jev-1.13.0,2026-09-17T01:36:47.452098+00:00,228.4161999996286,384,40,1.6128000000000002e-05,absent,absent,True,1.0,0.0,-0.0
medical-negation-05__ko_ko__repeat2,medical-negation-05,4,medical_text,ko_ko,jev-1.13.0,2026-09-17T01:36:47.684299+00:00,202.8258999926038,384,40,1.6128000000000002e-05,absent,absent,True,0.99,0.0,-0.0
medical-negation-05__ko_ko__variant1,medical-negation-05,4,medical_text,ko_ko,jev-1.13.0,2026-09-17T01:36:47.890710+00:00,222.13920002104715,384,40,1.6128000000000002e-05,absent,absent,True,1.0,0.0,-0.0
medical-negation-05__ko_ko__variant2,medical-negation-05,4,medical_text,ko_ko,jev-1.13.0,2026-09-17T01:36:48.115982+00:00,242.55510000512004,384,40,1.6128000000000002e-05,absent,absent,True,1.0,0.0,-0.0
medical-medication-02__ko_ko__repeat1,medical-medication-02,4,medical_text,ko_ko,jev-1.13.0,2026-09-17T01:36:48.362224+00:00,214.21289999852888,391,42,1.6422000000000003e-05,not_taking,not_taking,True,1.0,0.0,-0.0
medical-medication-02__ko_ko__repeat2,medical-medication-02,4,medical_text,ko_ko,jev-1.13.0,2026-09-17T01:36:48.579570+00:00,192.90269998600706,391,42,1.6422000000000003e-05,not_taking,not_taking,True,1.0,0.0,-0.0
medical-medication-02__ko_ko__variant1,medical-medication-02,4,medical_text,ko_ko,jev-1.13.0,2026-09-17T01:36:48.776093+00:00,226.41260002274066,391,42,1.6422000000000003e-05,not_taking,not_taking,True,1.0,0.0,-0.0
medical-medication-02__ko_ko__variant2,medical-medication-02,4,medical_text,ko_ko,jev-1.13.0,2026-09-17T01:36:49.005822+00:00,181.48879997897893,391,42,1.6422000000000003e-05,not_taking,not_taking,True,1.0,0.0,-0.0
medical-evidence-05__ko_ko__repeat1,medical-evidence-05,4,medical_text,ko_ko,jev-1.13.0,2026-09-17T01:36:49.190603+00:00,222.1873999806121,401,44,1.6842000000000002e-05,contradicted,contradicted,True,1.0,0.0,-0.0
medical-evidence-05__ko_ko__repeat2,medical-evidence-05,4,medical_text,ko_ko,jev-1.13.0,2026-09-17T01:36:49.416759+00:00,231.4757000131067,401,44,1.6842000000000002e-05,contradicted,contradicted,True,1.0,0.0,-0.0
medical-evidence-05__ko_ko__variant1,medical-evidence-05,4,medical_text,ko_ko,jev-1.13.0,2026-09-17T01:36:49.651573+00:00,183.2453000242822,401,44,1.6842000000000002e-05,contradicted,contradicted,True,1.0,0.0,-0.0
medical-evidence-05__ko_ko__variant2,medical-evidence-05,4,medical_text,ko_ko,jev-1.13.0,2026-09-17T01:36:49.838538+00:00,207.4086999928113,401,44,1.6842000000000002e-05,contradicted,contradicted,True,1.0,0.0,-0.0
medical-temporality-05__ko_ko__repeat1,medical-temporality-05,4,medical_text,ko_ko,jev-1.13.0,2026-09-17T01:36:50.049664+00:00,198.86399997631088,385,42,1.6170000000000003e-05,historical,historical,True,0.98,0.0002000000000000002,0.01005033585350145
medical-temporality-05__ko_ko__repeat2,medical-temporality-05,4,medical_text,ko_ko,jev-1.13.0,2026-09-17T01:36:50.252297+00:00,201.36860001366585,385,42,1.6170000000000003e-05,historical,historical,True,0.98,0.0002000000000000002,0.01005033585350145
medical-temporality-05__ko_ko__variant1,medical-temporality-05,4,medical_text,ko_ko,jev-1.13.0,2026-09-17T01:36:50.457496+00:00,183.49570001009852,385,42,1.6170000000000003e-05,historical,historical,True,0.98,0.0002000000000000002,0.01005033585350145
medical-temporality-05__ko_ko__variant2,medical-temporality-05,4,medical_text,ko_ko,jev-1.13.0,2026-09-17T01:36:50.644511+00:00,209.5475000096485,385,42,1.6170000000000003e-05,historical,historical,True,0.99,0.0,-0.0
